Sample name	Sex	Biosample ID	Population code	Population name	Superpopulation code	Superpopulation name	Population elastic ID	Data collections
HG00404	female	SAME123158	CHS	Southern Han Chinese	EAS	East Asian Ancestry	CHS	1000 Genomes on GRCh38,1000 Genomes 30x on GRCh38,1000 Genomes phase 3 release,1000 Genomes phase 1 release
HG00409	male	SAME1840026	CHS	Southern Han Chinese	EAS	East Asian Ancestry	CHS	1000 Genomes on GRCh38,1000 Genomes 30x on GRCh38,1000 Genomes phase 3 release
HG00428	female	SAME122811	CHS	Southern Han Chinese	EAS	East Asian Ancestry	CHS	1000 Genomes on GRCh38,1000 Genomes 30x on GRCh38,1000 Genomes phase 3 release,1000 Genomes phase 1 release,90 Han Chinese high coverage genomes
HG00442	male	SAME124912	CHS	Southern Han Chinese	EAS	East Asian Ancestry	CHS	1000 Genomes on GRCh38,1000 Genomes 30x on GRCh38,1000 Genomes phase 3 release,1000 Genomes phase 1 release,90 Han Chinese high coverage genomes
HG00473	female	SAME123338	CHS	Southern Han Chinese	EAS	East Asian Ancestry	CHS	1000 Genomes on GRCh38,1000 Genomes 30x on GRCh38,1000 Genomes phase 3 release,1000 Genomes phase 1 release,90 Han Chinese high coverage genomes
HG00478	male	SAME123335	CHS	Southern Han Chinese	EAS	East Asian Ancestry	CHS	1000 Genomes on GRCh38,1000 Genomes 30x on GRCh38,1000 Genomes phase 3 release,1000 Genomes phase 1 release,90 Han Chinese high coverage genomes
HG00500	male	SAME123363	CHS	Southern Han Chinese	EAS	East Asian Ancestry	CHS	1000 Genomes on GRCh38,1000 Genomes 30x on GRCh38,1000 Genomes phase 3 release,1000 Genomes phase 1 release,90 Han Chinese high coverage genomes
HG00524	male	SAME123724	CHS	Southern Han Chinese	EAS	East Asian Ancestry	CHS	1000 Genomes on GRCh38,1000 Genomes 30x on GRCh38,1000 Genomes phase 3 release,1000 Genomes phase 1 release,90 Han Chinese high coverage genomes
HG00531	female	SAME125381	CHS	Southern Han Chinese	EAS	East Asian Ancestry	CHS	1000 Genomes on GRCh38,1000 Genomes 30x on GRCh38,1000 Genomes phase 3 release,1000 Genomes phase 1 release,90 Han Chinese high coverage genomes
HG00536	male	SAME124344	CHS	Southern Han Chinese	EAS	East Asian Ancestry	CHS	1000 Genomes on GRCh38,1000 Genomes 30x on GRCh38,1000 Genomes phase 3 release,1000 Genomes phase 1 release,90 Han Chinese high coverage genomes
HG00978	female	SAME124727	CDX	Dai Chinese	EAS	East Asian Ancestry	CDX	1000 Genomes on GRCh38,1000 Genomes 30x on GRCh38,1000 Genomes phase 3 release
HG00403	male	SAME123160	CHS	Southern Han Chinese	EAS	East Asian Ancestry	CHS	1000 Genomes on GRCh38,1000 Genomes 30x on GRCh38,1000 Genomes phase 3 release,1000 Genomes phase 1 release
HG00410	female	SAME1839734	CHS	Southern Han Chinese	EAS	East Asian Ancestry	CHS	1000 Genomes on GRCh38,1000 Genomes 30x on GRCh38,1000 Genomes phase 3 release
HG00422	female	SAME122809	CHS	Southern Han Chinese	EAS	East Asian Ancestry	CHS	1000 Genomes on GRCh38,1000 Genomes 30x on GRCh38,1000 Genomes phase 3 release,1000 Genomes phase 1 release,90 Han Chinese high coverage genomes
HG00542	male	SAME124352	CHS	Southern Han Chinese	EAS	East Asian Ancestry	CHS	1000 Genomes on GRCh38,1000 Genomes 30x on GRCh38,1000 Genomes phase 3 release,1000 Genomes phase 1 release,90 Han Chinese high coverage genomes
HG00559	male	SAME124248	CHS	Southern Han Chinese	EAS	East Asian Ancestry	CHS	1000 Genomes on GRCh38,1000 Genomes 30x on GRCh38,1000 Genomes phase 3 release,1000 Genomes phase 1 release
HG00620	female	SAME123081	CHS	Southern Han Chinese	EAS	East Asian Ancestry	CHS	1000 Genomes on GRCh38,1000 Genomes 30x on GRCh38,1000 Genomes phase 3 release,1000 Genomes phase 1 release,90 Han Chinese high coverage genomes
HG00566	female	SAME125048	CHS	Southern Han Chinese	EAS	East Asian Ancestry	CHS	1000 Genomes on GRCh38,1000 Genomes 30x on GRCh38,1000 Genomes phase 3 release,1000 Genomes phase 1 release
HG00625	male	SAME123080	CHS	Southern Han Chinese	EAS	East Asian Ancestry	CHS	1000 Genomes on GRCh38,1000 Genomes 30x on GRCh38,1000 Genomes phase 3 release,1000 Genomes phase 1 release
HG00632	female	SAME1839151	CHS	Southern Han Chinese	EAS	East Asian Ancestry	CHS	1000 Genomes on GRCh38,1000 Genomes 30x on GRCh38,1000 Genomes phase 3 release
HG00580	male	SAME124832	CHS	Southern Han Chinese	EAS	East Asian Ancestry	CHS	1000 Genomes on GRCh38,1000 Genomes 30x on GRCh38,1000 Genomes phase 3 release,1000 Genomes phase 1 release,90 Han Chinese high coverage genomes
HG00651	female	SAME123966	CHS	Southern Han Chinese	EAS	East Asian Ancestry	CHS	1000 Genomes on GRCh38,1000 Genomes 30x on GRCh38,1000 Genomes phase 3 release,1000 Genomes phase 1 release
HG00592	male	SAME125011	CHS	Southern Han Chinese	EAS	East Asian Ancestry	CHS	1000 Genomes on GRCh38,1000 Genomes 30x on GRCh38,1000 Genomes phase 3 release,1000 Genomes phase 1 release
HG00656	male	SAME123233	CHS	Southern Han Chinese	EAS	East Asian Ancestry	CHS	1000 Genomes on GRCh38,1000 Genomes 30x on GRCh38,1000 Genomes phase 3 release,1000 Genomes phase 1 release,90 Han Chinese high coverage genomes
HG00663	female	SAME123813	CHS	Southern Han Chinese	EAS	East Asian Ancestry	CHS	1000 Genomes on GRCh38,1000 Genomes 30x on GRCh38,1000 Genomes phase 3 release,1000 Genomes phase 1 release,90 Han Chinese high coverage genomes
HG00543	female	SAME122857	CHS	Southern Han Chinese	EAS	East Asian Ancestry	CHS	1000 Genomes on GRCh38,1000 Genomes 30x on GRCh38,1000 Genomes phase 3 release,1000 Genomes phase 1 release
HG00446	female	SAME123880	CHS	Southern Han Chinese	EAS	East Asian Ancestry	CHS	1000 Genomes on GRCh38,1000 Genomes 30x on GRCh38,1000 Genomes phase 3 release,1000 Genomes phase 1 release
HG00458	female	SAME125278	CHS	Southern Han Chinese	EAS	East Asian Ancestry	CHS	1000 Genomes on GRCh38,1000 Genomes 30x on GRCh38,1000 Genomes phase 3 release,1000 Genomes phase 1 release
HG00581	female	SAME124831	CHS	Southern Han Chinese	EAS	East Asian Ancestry	CHS	1000 Genomes on GRCh38,1000 Genomes 30x on GRCh38,1000 Genomes phase 3 release,1000 Genomes phase 1 release
HG00593	female	SAME125012	CHS	Southern Han Chinese	EAS	East Asian Ancestry	CHS	1000 Genomes on GRCh38,1000 Genomes 30x on GRCh38,1000 Genomes phase 3 release,1000 Genomes phase 1 release
HG00472	male	SAME123339	CHS	Southern Han Chinese	EAS	East Asian Ancestry	CHS	1000 Genomes on GRCh38,1000 Genomes 30x on GRCh38,1000 Genomes phase 3 release,1000 Genomes phase 1 release,90 Han Chinese high coverage genomes
HG00598	male	SAME1839713	CHS	Southern Han Chinese	EAS	East Asian Ancestry	CHS	1000 Genomes on GRCh38,1000 Genomes 30x on GRCh38,1000 Genomes phase 3 release
HG00613	male	SAME125196	CHS	Southern Han Chinese	EAS	East Asian Ancestry	CHS	1000 Genomes on GRCh38,1000 Genomes 30x on GRCh38,1000 Genomes phase 3 release,1000 Genomes phase 1 release
HG00530	male	SAME124356	CHS	Southern Han Chinese	EAS	East Asian Ancestry	CHS	1000 Genomes on GRCh38,1000 Genomes 30x on GRCh38,1000 Genomes phase 3 release,1000 Genomes phase 1 release,90 Han Chinese high coverage genomes
HG00864	female	SAME123547	CDX	Dai Chinese	EAS	East Asian Ancestry	CDX	1000 Genomes on GRCh38,1000 Genomes 30x on GRCh38,Human Genome Structural Variation Consortium, Phase 2,1000 Genomes phase 3 release
HG00675	female	SAME1840076	CHS	Southern Han Chinese	EAS	East Asian Ancestry	CHS	1000 Genomes on GRCh38,1000 Genomes 30x on GRCh38,1000 Genomes phase 3 release
HG00699	female	SAME123165	CHS	Southern Han Chinese	EAS	East Asian Ancestry	CHS	1000 Genomes on GRCh38,1000 Genomes 30x on GRCh38,1000 Genomes phase 3 release,1000 Genomes phase 1 release,90 Han Chinese high coverage genomes
HG00707	male	SAME122929	CHS	Southern Han Chinese	EAS	East Asian Ancestry	CHS	1000 Genomes on GRCh38,1000 Genomes 30x on GRCh38,1000 Genomes phase 3 release,1000 Genomes phase 1 release
HG00629	female	SAME123086	CHS	Southern Han Chinese	EAS	East Asian Ancestry	CHS	1000 Genomes on GRCh38,1000 Genomes 30x on GRCh38,1000 Genomes phase 3 release,1000 Genomes phase 1 release
HG00631	male	SAME1839060	CHS	Southern Han Chinese	EAS	East Asian Ancestry	CHS	1000 Genomes on GRCh38,1000 Genomes 30x on GRCh38,1000 Genomes phase 3 release
HG00650	male	SAME123254	CHS	Southern Han Chinese	EAS	East Asian Ancestry	CHS	1000 Genomes on GRCh38,1000 Genomes 30x on GRCh38,1000 Genomes phase 3 release,1000 Genomes phase 1 release
HG01046	female	SAME123167	CDX	Dai Chinese	EAS	East Asian Ancestry	CDX	1000 Genomes on GRCh38,1000 Genomes 30x on GRCh38,1000 Genomes phase 3 release
HG00662	male	SAME123812	CHS	Southern Han Chinese	EAS	East Asian Ancestry	CHS	1000 Genomes on GRCh38,1000 Genomes 30x on GRCh38,1000 Genomes phase 3 release,1000 Genomes phase 1 release
HG00674	male	SAME1840080	CHS	Southern Han Chinese	EAS	East Asian Ancestry	CHS	1000 Genomes on GRCh38,1000 Genomes 30x on GRCh38,1000 Genomes phase 3 release
HG00693	female	SAME123683	CHS	Southern Han Chinese	EAS	East Asian Ancestry	CHS	1000 Genomes on GRCh38,1000 Genomes 30x on GRCh38,1000 Genomes phase 3 release,1000 Genomes phase 1 release
HG00698	male	SAME123693	CHS	Southern Han Chinese	EAS	East Asian Ancestry	CHS	1000 Genomes on GRCh38,1000 Genomes 30x on GRCh38,1000 Genomes phase 3 release,1000 Genomes phase 1 release,90 Han Chinese high coverage genomes
HG00701	male	SAME122931	CHS	Southern Han Chinese	EAS	East Asian Ancestry	CHS	1000 Genomes on GRCh38,1000 Genomes 30x on GRCh38,1000 Genomes phase 3 release,1000 Genomes phase 1 release
HG01596	male	SAME125227	KHV	Kinh Vietnamese	EAS	East Asian Ancestry	KHV	1000 Genomes on GRCh38,1000 Genomes 30x on GRCh38,Human Genome Structural Variation Consortium, Phase 2,1000 Genomes phase 3 release
HG01868	female	SAME123193	KHV	Kinh Vietnamese	EAS	East Asian Ancestry	KHV	1000 Genomes on GRCh38,1000 Genomes 30x on GRCh38,1000 Genomes phase 3 release
HG01870	female	SAME123397	KHV	Kinh Vietnamese	EAS	East Asian Ancestry	KHV	1000 Genomes on GRCh38,1000 Genomes 30x on GRCh38,1000 Genomes phase 3 release
HG01595	female	SAME123569	KHV	Kinh Vietnamese	EAS	East Asian Ancestry	KHV	1000 Genomes on GRCh38,1000 Genomes 30x on GRCh38,1000 Genomes phase 3 release
HG01867	male	SAME123194	KHV	Kinh Vietnamese	EAS	East Asian Ancestry	KHV	1000 Genomes on GRCh38,1000 Genomes 30x on GRCh38,1000 Genomes phase 3 release
HG01874	female	SAME123396	KHV	Kinh Vietnamese	EAS	East Asian Ancestry	KHV	1000 Genomes on GRCh38,1000 Genomes 30x on GRCh38,1000 Genomes phase 3 release
HG01844	male	SAME123556	KHV	Kinh Vietnamese	EAS	East Asian Ancestry	KHV	1000 Genomes on GRCh38,1000 Genomes 30x on GRCh38,1000 Genomes phase 3 release
HG01849	male	SAME125110	KHV	Kinh Vietnamese	EAS	East Asian Ancestry	KHV	1000 Genomes on GRCh38,1000 Genomes 30x on GRCh38,1000 Genomes phase 3 release
HG01851	female	SAME123753	KHV	Kinh Vietnamese	EAS	East Asian Ancestry	KHV	1000 Genomes on GRCh38,1000 Genomes 30x on GRCh38,1000 Genomes phase 3 release
HG01863	female	SAME123198	KHV	Kinh Vietnamese	EAS	East Asian Ancestry	KHV	1000 Genomes on GRCh38,1000 Genomes 30x on GRCh38,1000 Genomes phase 3 release
HG01798	female	SAME124228	CDX	Dai Chinese	EAS	East Asian Ancestry	CDX	1000 Genomes on GRCh38,1000 Genomes 30x on GRCh38,1000 Genomes phase 3 release
HG01801	female	SAME124305	CDX	Dai Chinese	EAS	East Asian Ancestry	CDX	1000 Genomes on GRCh38,1000 Genomes 30x on GRCh38,1000 Genomes phase 3 release
HG01806	female	SAME124304	CDX	Dai Chinese	EAS	East Asian Ancestry	CDX	1000 Genomes on GRCh38,1000 Genomes 30x on GRCh38,1000 Genomes phase 3 release
HG01813	female	SAME124518	CDX	Dai Chinese	EAS	East Asian Ancestry	CDX	1000 Genomes on GRCh38,1000 Genomes 30x on GRCh38,1000 Genomes phase 3 release
HG02020	male	SAME125168	KHV	Kinh Vietnamese	EAS	East Asian Ancestry	KHV	1000 Genomes on GRCh38,1000 Genomes 30x on GRCh38,1000 Genomes phase 3 release
HG01797	female	SAME124219	CDX	Dai Chinese	EAS	East Asian Ancestry	CDX	1000 Genomes on GRCh38,1000 Genomes 30x on GRCh38,1000 Genomes phase 3 release
HG02025	female	SAME125335	KHV	Kinh Vietnamese	EAS	East Asian Ancestry	KHV	1000 Genomes on GRCh38,1000 Genomes 30x on GRCh38,1000 Genomes phase 3 release
HG02032	male	SAME1839959	KHV	Kinh Vietnamese	EAS	East Asian Ancestry	KHV	1000 Genomes on GRCh38,1000 Genomes 30x on GRCh38,1000 Genomes phase 3 release
HG01843	female	SAME123553	KHV	Kinh Vietnamese	EAS	East Asian Ancestry	KHV	1000 Genomes on GRCh38,1000 Genomes 30x on GRCh38,1000 Genomes phase 3 release
HG02049	female	SAME123773	KHV	Kinh Vietnamese	EAS	East Asian Ancestry	KHV	1000 Genomes on GRCh38,1000 Genomes 30x on GRCh38,1000 Genomes phase 3 release
HG01848	female	SAME123548	KHV	Kinh Vietnamese	EAS	East Asian Ancestry	KHV	1000 Genomes on GRCh38,1000 Genomes 30x on GRCh38,1000 Genomes phase 3 release
HG01850	female	SAME123752	KHV	Kinh Vietnamese	EAS	East Asian Ancestry	KHV	1000 Genomes on GRCh38,1000 Genomes 30x on GRCh38,1000 Genomes phase 3 release
HG02082	male	SAME124950	KHV	Kinh Vietnamese	EAS	East Asian Ancestry	KHV	1000 Genomes on GRCh38,1000 Genomes 30x on GRCh38,1000 Genomes phase 3 release
HG01855	female	SAME123749	KHV	Kinh Vietnamese	EAS	East Asian Ancestry	KHV	1000 Genomes on GRCh38,1000 Genomes 30x on GRCh38,1000 Genomes phase 3 release
HG02087	female	SAME124678	KHV	Kinh Vietnamese	EAS	East Asian Ancestry	KHV	1000 Genomes on GRCh38,1000 Genomes 30x on GRCh38,1000 Genomes phase 3 release
HG01862	female	SAME123199	KHV	Kinh Vietnamese	EAS	East Asian Ancestry	KHV	1000 Genomes on GRCh38,1000 Genomes 30x on GRCh38,1000 Genomes phase 3 release
HG01800	female	SAME124306	CDX	Dai Chinese	EAS	East Asian Ancestry	CDX	1000 Genomes on GRCh38,1000 Genomes 30x on GRCh38,1000 Genomes phase 3 release
HG02152	female	SAME124790	CDX	Dai Chinese	EAS	East Asian Ancestry	CDX	1000 Genomes on GRCh38,1000 Genomes 30x on GRCh38,1000 Genomes phase 3 release
HG01805	female	SAME124301	CDX	Dai Chinese	EAS	East Asian Ancestry	CDX	1000 Genomes on GRCh38,1000 Genomes 30x on GRCh38,1000 Genomes phase 3 release
HG02164	female	SAME124209	CDX	Dai Chinese	EAS	East Asian Ancestry	CDX	1000 Genomes on GRCh38,1000 Genomes 30x on GRCh38,1000 Genomes phase 3 release
HG01812	female	SAME124517	CDX	Dai Chinese	EAS	East Asian Ancestry	CDX	1000 Genomes on GRCh38,1000 Genomes 30x on GRCh38,1000 Genomes phase 3 release
HG02169	female	SAME1839233	CDX	Dai Chinese	EAS	East Asian Ancestry	CDX	1000 Genomes on GRCh38
HG01817	female	SAME124522	CDX	Dai Chinese	EAS	East Asian Ancestry	CDX	1000 Genomes on GRCh38,1000 Genomes 30x on GRCh38,1000 Genomes phase 3 release
HG02121	female	SAME123479	KHV	Kinh Vietnamese	EAS	East Asian Ancestry	KHV	1000 Genomes on GRCh38,1000 Genomes 30x on GRCh38,1000 Genomes phase 3 release
HG02079	male	SAME123098	KHV	Kinh Vietnamese	EAS	East Asian Ancestry	KHV	1000 Genomes on GRCh38,1000 Genomes 30x on GRCh38,1000 Genomes phase 3 release
HG02081	female	SAME124826	KHV	Kinh Vietnamese	EAS	East Asian Ancestry	KHV	1000 Genomes on GRCh38,1000 Genomes 30x on GRCh38,1000 Genomes phase 3 release
HG02133	female	SAME1839882	KHV	Kinh Vietnamese	EAS	East Asian Ancestry	KHV	1000 Genomes on GRCh38,1000 Genomes 30x on GRCh38,1000 Genomes phase 3 release
HG02086	female	SAME124675	KHV	Kinh Vietnamese	EAS	East Asian Ancestry	KHV	1000 Genomes on GRCh38,1000 Genomes 30x on GRCh38,1000 Genomes phase 3 release
HG02138	male	SAME123659	KHV	Kinh Vietnamese	EAS	East Asian Ancestry	KHV	1000 Genomes on GRCh38,1000 Genomes 30x on GRCh38,1000 Genomes phase 3 release
HG02140	female	SAME124612	KHV	Kinh Vietnamese	EAS	East Asian Ancestry	KHV	1000 Genomes on GRCh38,1000 Genomes 30x on GRCh38,1000 Genomes phase 3 release
HG02029	male	SAME124021	KHV	Kinh Vietnamese	EAS	East Asian Ancestry	KHV	1000 Genomes on GRCh38,1000 Genomes 30x on GRCh38,1000 Genomes phase 3 release
HG02070	male	SAME124908	KHV	Kinh Vietnamese	EAS	East Asian Ancestry	KHV	1000 Genomes on GRCh38,1000 Genomes 30x on GRCh38,1000 Genomes phase 3 release
HG02031	female	SAME1839964	KHV	Kinh Vietnamese	EAS	East Asian Ancestry	KHV	1000 Genomes on GRCh38,1000 Genomes 30x on GRCh38,1000 Genomes phase 3 release
HG02075	female	SAME123106	KHV	Kinh Vietnamese	EAS	East Asian Ancestry	KHV	1000 Genomes on GRCh38,1000 Genomes 30x on GRCh38,1000 Genomes phase 3 release
HG02048	female	SAME123772	KHV	Kinh Vietnamese	EAS	East Asian Ancestry	KHV	1000 Genomes on GRCh38,1000 Genomes 30x on GRCh38,1000 Genomes phase 3 release
HG02176	female	SAME1839024	CDX	Dai Chinese	EAS	East Asian Ancestry	CDX	1000 Genomes on GRCh38
HG02050	male	SAME1839555	KHV	Kinh Vietnamese	EAS	East Asian Ancestry	KHV	1000 Genomes on GRCh38,1000 Genomes 30x on GRCh38,1000 Genomes phase 3 release
HG02188	female	SAME122829	CDX	Dai Chinese	EAS	East Asian Ancestry	CDX	1000 Genomes on GRCh38,1000 Genomes 30x on GRCh38,1000 Genomes phase 3 release
HG02190	female	SAME125259	CDX	Dai Chinese	EAS	East Asian Ancestry	CDX	1000 Genomes on GRCh38,1000 Genomes 30x on GRCh38,1000 Genomes phase 3 release
HG02067	male	SAME1839388	KHV	Kinh Vietnamese	EAS	East Asian Ancestry	KHV	1000 Genomes on GRCh38,1000 Genomes 30x on GRCh38,1000 Genomes phase 3 release
HG02113	female	SAME124044	KHV	Kinh Vietnamese	EAS	East Asian Ancestry	KHV	1000 Genomes on GRCh38,1000 Genomes 30x on GRCh38,1000 Genomes phase 3 release
HG02137	male	SAME1839862	KHV	Kinh Vietnamese	EAS	East Asian Ancestry	KHV	1000 Genomes on GRCh38,1000 Genomes 30x on GRCh38,1000 Genomes phase 3 release
HG02017	male	SAME123445	KHV	Kinh Vietnamese	EAS	East Asian Ancestry	KHV	1000 Genomes on GRCh38,1000 Genomes 30x on GRCh38,1000 Genomes phase 3 release
HG02170	female	SAME1839052	CDX	Dai Chinese	EAS	East Asian Ancestry	CDX	1000 Genomes on GRCh38
HG02182	female	SAME125035	CDX	Dai Chinese	EAS	East Asian Ancestry	CDX	1000 Genomes on GRCh38,1000 Genomes 30x on GRCh38,1000 Genomes phase 3 release
HG02187	female	SAME125038	CDX	Dai Chinese	EAS	East Asian Ancestry	CDX	1000 Genomes on GRCh38,1000 Genomes 30x on GRCh38,1000 Genomes phase 3 release
HG02513	female	SAME1839138	KHV	Kinh Vietnamese	EAS	East Asian Ancestry	KHV	1000 Genomes on GRCh38,1000 Genomes 30x on GRCh38,1000 Genomes phase 3 release
HG02353	male	SAME1840276	CDX	Dai Chinese	EAS	East Asian Ancestry	CDX	1000 Genomes on GRCh38,1000 Genomes 30x on GRCh38,1000 Genomes phase 3 release
HG02358	male	SAME1840334	CDX	Dai Chinese	EAS	East Asian Ancestry	CDX	1000 Genomes on GRCh38
HG02360	male	SAME1840391	CDX	Dai Chinese	EAS	East Asian Ancestry	CDX	1000 Genomes on GRCh38,1000 Genomes 30x on GRCh38,1000 Genomes phase 3 release
HG02384	male	SAME1840011	CDX	Dai Chinese	EAS	East Asian Ancestry	CDX	1000 Genomes on GRCh38,1000 Genomes 30x on GRCh38,1000 Genomes phase 3 release
HG02373	male	SAME124104	CDX	Dai Chinese	EAS	East Asian Ancestry	CDX	1000 Genomes on GRCh38,1000 Genomes 30x on GRCh38,1000 Genomes phase 3 release
HG02380	male	SAME1840045	CDX	Dai Chinese	EAS	East Asian Ancestry	CDX	1000 Genomes on GRCh38,1000 Genomes 30x on GRCh38,1000 Genomes phase 3 release
HG02151	female	SAME1839403	CDX	Dai Chinese	EAS	East Asian Ancestry	CDX	1000 Genomes on GRCh38,1000 Genomes 30x on GRCh38,1000 Genomes phase 3 release
HG02385	male	SAME1840006	CDX	Dai Chinese	EAS	East Asian Ancestry	CDX	1000 Genomes on GRCh38,1000 Genomes 30x on GRCh38,1000 Genomes phase 3 release
HG02156	female	SAME124793	CDX	Dai Chinese	EAS	East Asian Ancestry	CDX	1000 Genomes on GRCh38,1000 Genomes 30x on GRCh38,1000 Genomes phase 3 release
HG02392	male	SAME1839776	CDX	Dai Chinese	EAS	East Asian Ancestry	CDX	1000 Genomes on GRCh38,1000 Genomes 30x on GRCh38,1000 Genomes phase 3 release
HG02168	female	SAME1839240	CDX	Dai Chinese	EAS	East Asian Ancestry	CDX	1000 Genomes on GRCh38
HG02397	male	SAME123308	CDX	Dai Chinese	EAS	East Asian Ancestry	CDX	1000 Genomes on GRCh38,1000 Genomes 30x on GRCh38,1000 Genomes phase 3 release
HG02405	male	SAME1839398	CDX	Dai Chinese	EAS	East Asian Ancestry	CDX	1000 Genomes on GRCh38
HG02389	male	SAME1840085	CDX	Dai Chinese	EAS	East Asian Ancestry	CDX	1000 Genomes on GRCh38,1000 Genomes 30x on GRCh38,1000 Genomes phase 3 release
HG02391	male	SAME1839784	CDX	Dai Chinese	EAS	East Asian Ancestry	CDX	1000 Genomes on GRCh38,1000 Genomes 30x on GRCh38,1000 Genomes phase 3 release
HG02396	male	SAME125357	CDX	Dai Chinese	EAS	East Asian Ancestry	CDX	1000 Genomes on GRCh38,1000 Genomes 30x on GRCh38,1000 Genomes phase 3 release
HG02409	male	SAME1839457	CDX	Dai Chinese	EAS	East Asian Ancestry	CDX	1000 Genomes on GRCh38,1000 Genomes 30x on GRCh38,1000 Genomes phase 3 release
HG02512	male	SAME1839146	KHV	Kinh Vietnamese	EAS	East Asian Ancestry	KHV	1000 Genomes on GRCh38,1000 Genomes 30x on GRCh38,1000 Genomes phase 3 release
NA18528	female	SAME124661	CHB	Han Chinese	EAS	East Asian Ancestry	CHB	1000 Genomes on GRCh38,1000 Genomes 30x on GRCh38,1000 Genomes phase 3 release,1000 Genomes phase 1 release
NA18530	male	SAME124484	CHB	Han Chinese	EAS	East Asian Ancestry	CHB	1000 Genomes on GRCh38,1000 Genomes 30x on GRCh38,1000 Genomes phase 3 release,1000 Genomes phase 1 release
NA18535	female	SAME124487	CHB	Han Chinese	EAS	East Asian Ancestry	CHB	1000 Genomes on GRCh38,1000 Genomes 30x on GRCh38,1000 Genomes phase 3 release,1000 Genomes phase 1 release
NA18542	female	SAME124267	CHB	Han Chinese	EAS	East Asian Ancestry	CHB	1000 Genomes on GRCh38,1000 Genomes 30x on GRCh38,1000 Genomes phase 3 release,1000 Genomes phase 1 release,90 Han Chinese high coverage genomes
NA18547	female	SAME124264	CHB	Han Chinese	EAS	East Asian Ancestry	CHB	1000 Genomes on GRCh38,1000 Genomes 30x on GRCh38,1000 Genomes phase 3 release,1000 Genomes phase 1 release,90 Han Chinese high coverage genomes
NA18559	male	SAME124093	CHB	Han Chinese	EAS	East Asian Ancestry	CHB	1000 Genomes on GRCh38,1000 Genomes 30x on GRCh38,1000 Genomes phase 3 release,1000 Genomes phase 1 release
NA18561	male	SAME123926	CHB	Han Chinese	EAS	East Asian Ancestry	CHB	1000 Genomes on GRCh38,1000 Genomes 30x on GRCh38,1000 Genomes phase 3 release,1000 Genomes phase 1 release,90 Han Chinese high coverage genomes
NA18566	female	SAME123923	CHB	Han Chinese	EAS	East Asian Ancestry	CHB	1000 Genomes on GRCh38,1000 Genomes 30x on GRCh38,1000 Genomes phase 3 release,1000 Genomes phase 1 release,90 Han Chinese high coverage genomes
NA18573	female	SAME123738	CHB	Han Chinese	EAS	East Asian Ancestry	CHB	1000 Genomes on GRCh38,1000 Genomes 30x on GRCh38,1000 Genomes phase 3 release,1000 Genomes phase 1 release,90 Han Chinese high coverage genomes
NA18592	female	SAME123721	CHB	Han Chinese	EAS	East Asian Ancestry	CHB	1000 Genomes on GRCh38,1000 Genomes 30x on GRCh38,1000 Genomes phase 3 release,1000 Genomes phase 1 release,90 Han Chinese high coverage genomes
NA18597	female	SAME123232	CHB	Han Chinese	EAS	East Asian Ancestry	CHB	1000 Genomes on GRCh38,1000 Genomes 30x on GRCh38,1000 Genomes phase 3 release,1000 Genomes phase 1 release
NA18605	male	SAME124877	CHB	Han Chinese	EAS	East Asian Ancestry	CHB	1000 Genomes on GRCh38,1000 Genomes 30x on GRCh38,1000 Genomes phase 3 release,1000 Genomes phase 1 release,90 Han Chinese high coverage genomes
NA18612	male	SAME125036	CHB	Han Chinese	EAS	East Asian Ancestry	CHB	1000 Genomes on GRCh38,1000 Genomes 30x on GRCh38,1000 Genomes phase 3 release,1000 Genomes phase 1 release,90 Han Chinese high coverage genomes
NA18617	female	SAME125033	CHB	Han Chinese	EAS	East Asian Ancestry	CHB	1000 Genomes on GRCh38,1000 Genomes 30x on GRCh38,1000 Genomes phase 3 release,1000 Genomes phase 1 release
NA18624	male	SAME124506	CHB	Han Chinese	EAS	East Asian Ancestry	CHB	1000 Genomes on GRCh38,1000 Genomes 30x on GRCh38,1000 Genomes phase 3 release,1000 Genomes phase 1 release,90 Han Chinese high coverage genomes
NA18629	male	SAME124501	CHB	Han Chinese	EAS	East Asian Ancestry	CHB	1000 Genomes on GRCh38,1000 Genomes 30x on GRCh38,1000 Genomes phase 3 release
NA18631	female	SAME124056	CHB	Han Chinese	EAS	East Asian Ancestry	CHB	1000 Genomes on GRCh38,1000 Genomes 30x on GRCh38,1000 Genomes phase 3 release,1000 Genomes phase 1 release
NA18636	male	SAME124320	CHB	Han Chinese	EAS	East Asian Ancestry	CHB	1000 Genomes on GRCh38,1000 Genomes 30x on GRCh38,1000 Genomes phase 3 release,1000 Genomes phase 1 release,90 Han Chinese high coverage genomes
NA18643	male	SAME122981	CHB	Han Chinese	EAS	East Asian Ancestry	CHB	1000 Genomes on GRCh38,1000 Genomes 30x on GRCh38,1000 Genomes phase 3 release,1000 Genomes phase 1 release
NA18648	male	SAME122974	CHB	Han Chinese	EAS	East Asian Ancestry	CHB	1000 Genomes on GRCh38,1000 Genomes 30x on GRCh38,1000 Genomes phase 3 release
NA18534	male	SAME124488	CHB	Han Chinese	EAS	East Asian Ancestry	CHB	1000 Genomes on GRCh38,1000 Genomes 30x on GRCh38,Human Genome Structural Variation Consortium, Phase 2,1000 Genomes phase 3 release,1000 Genomes phase 1 release
NA18539	female	SAME124475	CHB	Han Chinese	EAS	East Asian Ancestry	CHB	1000 Genomes on GRCh38,1000 Genomes 30x on GRCh38,1000 Genomes phase 3 release,1000 Genomes phase 1 release
NA18541	female	SAME124270	CHB	Han Chinese	EAS	East Asian Ancestry	CHB	1000 Genomes on GRCh38,1000 Genomes 30x on GRCh38,1000 Genomes phase 3 release,1000 Genomes phase 1 release
NA18546	male	SAME124263	CHB	Han Chinese	EAS	East Asian Ancestry	CHB	1000 Genomes on GRCh38,1000 Genomes 30x on GRCh38,1000 Genomes phase 3 release,1000 Genomes phase 1 release
NA18939	female	SAME123041	JPT	Japanese	EAS	East Asian Ancestry	JPT	1000 Genomes on GRCh38,1000 Genomes 30x on GRCh38,Human Genome Structural Variation Consortium, Phase 2,1000 Genomes phase 3 release,1000 Genomes phase 1 release
NA18553	female	SAME124088	CHB	Han Chinese	EAS	East Asian Ancestry	CHB	1000 Genomes on GRCh38,1000 Genomes 30x on GRCh38,1000 Genomes phase 3 release,1000 Genomes phase 1 release
NA18941	female	SAME124311	JPT	Japanese	EAS	East Asian Ancestry	JPT	1000 Genomes on GRCh38,1000 Genomes 30x on GRCh38,1000 Genomes phase 3 release,1000 Genomes phase 1 release
NA18558	male	SAME124094	CHB	Han Chinese	EAS	East Asian Ancestry	CHB	1000 Genomes on GRCh38,1000 Genomes 30x on GRCh38,1000 Genomes phase 3 release,1000 Genomes phase 1 release,90 Han Chinese high coverage genomes
NA18946	female	SAME124312	JPT	Japanese	EAS	East Asian Ancestry	JPT	1000 Genomes on GRCh38,1000 Genomes 30x on GRCh38,1000 Genomes phase 3 release,1000 Genomes phase 1 release
NA18560	female	SAME123925	CHB	Han Chinese	EAS	East Asian Ancestry	CHB	1000 Genomes on GRCh38,1000 Genomes 30x on GRCh38,1000 Genomes phase 3 release,1000 Genomes phase 1 release
NA18953	male	SAME124113	JPT	Japanese	EAS	East Asian Ancestry	JPT	1000 Genomes on GRCh38,1000 Genomes 30x on GRCh38,1000 Genomes phase 3 release,1000 Genomes phase 1 release
NA18565	female	SAME123922	CHB	Han Chinese	EAS	East Asian Ancestry	CHB	1000 Genomes on GRCh38,1000 Genomes 30x on GRCh38,1000 Genomes phase 3 release,1000 Genomes phase 1 release
NA18960	male	SAME123956	JPT	Japanese	EAS	East Asian Ancestry	JPT	1000 Genomes on GRCh38,1000 Genomes 30x on GRCh38,1000 Genomes phase 3 release,1000 Genomes phase 1 release
NA18572	male	SAME123739	CHB	Han Chinese	EAS	East Asian Ancestry	CHB	1000 Genomes on GRCh38,1000 Genomes 30x on GRCh38,1000 Genomes phase 3 release,1000 Genomes phase 1 release,90 Han Chinese high coverage genomes
NA18965	male	SAME123961	JPT	Japanese	EAS	East Asian Ancestry	JPT	1000 Genomes on GRCh38,1000 Genomes 30x on GRCh38,1000 Genomes phase 3 release,1000 Genomes phase 1 release
NA18577	female	SAME123734	CHB	Han Chinese	EAS	East Asian Ancestry	CHB	1000 Genomes on GRCh38,1000 Genomes 30x on GRCh38,1000 Genomes phase 3 release,1000 Genomes phase 1 release,90 Han Chinese high coverage genomes
NA18591	female	SAME123719	CHB	Han Chinese	EAS	East Asian Ancestry	CHB	1000 Genomes on GRCh38,1000 Genomes 30x on GRCh38,1000 Genomes phase 3 release
NA18596	female	SAME123718	CHB	Han Chinese	EAS	East Asian Ancestry	CHB	1000 Genomes on GRCh38,1000 Genomes 30x on GRCh38,1000 Genomes phase 3 release,1000 Genomes phase 1 release
NA18609	male	SAME124867	CHB	Han Chinese	EAS	East Asian Ancestry	CHB	1000 Genomes on GRCh38,1000 Genomes 30x on GRCh38,1000 Genomes phase 3 release,1000 Genomes phase 1 release,90 Han Chinese high coverage genomes
NA18611	male	SAME123225	CHB	Han Chinese	EAS	East Asian Ancestry	CHB	1000 Genomes on GRCh38,1000 Genomes 30x on GRCh38,1000 Genomes phase 3 release,1000 Genomes phase 1 release,90 Han Chinese high coverage genomes
NA18616	female	SAME125032	CHB	Han Chinese	EAS	East Asian Ancestry	CHB	1000 Genomes on GRCh38,1000 Genomes 30x on GRCh38,1000 Genomes phase 3 release,1000 Genomes phase 1 release
NA18623	male	SAME124507	CHB	Han Chinese	EAS	East Asian Ancestry	CHB	1000 Genomes on GRCh38,1000 Genomes 30x on GRCh38,1000 Genomes phase 3 release,1000 Genomes phase 1 release,90 Han Chinese high coverage genomes
NA18628	female	SAME124502	CHB	Han Chinese	EAS	East Asian Ancestry	CHB	1000 Genomes on GRCh38,1000 Genomes 30x on GRCh38,1000 Genomes phase 3 release,1000 Genomes phase 1 release
NA18630	female	SAME124895	CHB	Han Chinese	EAS	East Asian Ancestry	CHB	1000 Genomes on GRCh38,1000 Genomes 30x on GRCh38,1000 Genomes phase 3 release,1000 Genomes phase 1 release
NA18635	male	SAME123661	CHB	Han Chinese	EAS	East Asian Ancestry	CHB	1000 Genomes on GRCh38,1000 Genomes 30x on GRCh38,1000 Genomes phase 3 release,1000 Genomes phase 1 release,90 Han Chinese high coverage genomes
NA18642	female	SAME122982	CHB	Han Chinese	EAS	East Asian Ancestry	CHB	1000 Genomes on GRCh38,1000 Genomes 30x on GRCh38,1000 Genomes phase 3 release,1000 Genomes phase 1 release
NA18647	male	SAME122977	CHB	Han Chinese	EAS	East Asian Ancestry	CHB	1000 Genomes on GRCh38,1000 Genomes 30x on GRCh38,1000 Genomes phase 3 release,1000 Genomes phase 1 release
NA19057	female	SAME125025	JPT	Japanese	EAS	East Asian Ancestry	JPT	1000 Genomes on GRCh38,1000 Genomes 30x on GRCh38,1000 Genomes phase 3 release,1000 Genomes phase 1 release
NA19064	female	SAME123010	JPT	Japanese	EAS	East Asian Ancestry	JPT	1000 Genomes on GRCh38,1000 Genomes 30x on GRCh38,1000 Genomes phase 3 release,1000 Genomes phase 1 release
NA19076	male	SAME122819	JPT	Japanese	EAS	East Asian Ancestry	JPT	1000 Genomes on GRCh38,1000 Genomes 30x on GRCh38,1000 Genomes phase 3 release,1000 Genomes phase 1 release
NA18527	female	SAME124674	CHB	Han Chinese	EAS	East Asian Ancestry	CHB	1000 Genomes on GRCh38,1000 Genomes phase 3 release,1000 Genomes phase 1 release
NA19083	male	SAME123371	JPT	Japanese	EAS	East Asian Ancestry	JPT	1000 Genomes on GRCh38,1000 Genomes 30x on GRCh38,1000 Genomes phase 3 release,1000 Genomes phase 1 release
NA19088	male	SAME123360	JPT	Japanese	EAS	East Asian Ancestry	JPT	1000 Genomes on GRCh38,1000 Genomes 30x on GRCh38,1000 Genomes phase 3 release,1000 Genomes phase 1 release
NA19090	female	SAME123175	JPT	Japanese	EAS	East Asian Ancestry	JPT	1000 Genomes on GRCh38,1000 Genomes 30x on GRCh38,1000 Genomes phase 3 release
NA18749	male	SAME123910	CHB	Han Chinese	EAS	East Asian Ancestry	CHB	1000 Genomes on GRCh38,1000 Genomes 30x on GRCh38,1000 Genomes phase 3 release,1000 Genomes phase 1 release
NA18972	female	SAME123762	JPT	Japanese	EAS	East Asian Ancestry	JPT	1000 Genomes on GRCh38,1000 Genomes 30x on GRCh38,1000 Genomes phase 3 release,1000 Genomes phase 1 release
NA18977	male	SAME123765	JPT	Japanese	EAS	East Asian Ancestry	JPT	1000 Genomes on GRCh38,1000 Genomes 30x on GRCh38,1000 Genomes phase 3 release,1000 Genomes phase 1 release
NA18984	male	SAME125071	JPT	Japanese	EAS	East Asian Ancestry	JPT	1000 Genomes on GRCh38,1000 Genomes 30x on GRCh38,1000 Genomes phase 3 release,1000 Genomes phase 1 release
NA18989	male	SAME125079	JPT	Japanese	EAS	East Asian Ancestry	JPT	1000 Genomes on GRCh38,1000 Genomes 30x on GRCh38,1000 Genomes phase 3 release,1000 Genomes phase 1 release
NA18991	female	SAME124892	JPT	Japanese	EAS	East Asian Ancestry	JPT	1000 Genomes on GRCh38,1000 Genomes 30x on GRCh38,1000 Genomes phase 3 release,1000 Genomes phase 1 release
NA19002	female	SAME124479	JPT	Japanese	EAS	East Asian Ancestry	JPT	1000 Genomes on GRCh38,1000 Genomes 30x on GRCh38,1000 Genomes phase 3 release,1000 Genomes phase 1 release
NA19007	male	SAME124476	JPT	Japanese	EAS	East Asian Ancestry	JPT	1000 Genomes on GRCh38,1000 Genomes 30x on GRCh38,1000 Genomes phase 3 release,1000 Genomes phase 1 release
NA18748	male	SAME123909	CHB	Han Chinese	EAS	East Asian Ancestry	CHB	1000 Genomes on GRCh38,1000 Genomes 30x on GRCh38,1000 Genomes phase 3 release,1000 Genomes phase 1 release
NA19056	male	SAME125026	JPT	Japanese	EAS	East Asian Ancestry	JPT	1000 Genomes on GRCh38,1000 Genomes 30x on GRCh38,1000 Genomes phase 3 release,1000 Genomes phase 1 release
NA19063	male	SAME123006	JPT	Japanese	EAS	East Asian Ancestry	JPT	1000 Genomes on GRCh38,1000 Genomes 30x on GRCh38,1000 Genomes phase 3 release,1000 Genomes phase 1 release
NA19068	male	SAME123012	JPT	Japanese	EAS	East Asian Ancestry	JPT	1000 Genomes on GRCh38,1000 Genomes 30x on GRCh38,1000 Genomes phase 3 release,1000 Genomes phase 1 release
NA19070	male	SAME122820	JPT	Japanese	EAS	East Asian Ancestry	JPT	1000 Genomes on GRCh38,1000 Genomes 30x on GRCh38,1000 Genomes phase 3 release,1000 Genomes phase 1 release
NA19075	male	SAME122816	JPT	Japanese	EAS	East Asian Ancestry	JPT	1000 Genomes on GRCh38,1000 Genomes 30x on GRCh38,1000 Genomes phase 3 release,1000 Genomes phase 1 release
NA19082	male	SAME123370	JPT	Japanese	EAS	East Asian Ancestry	JPT	1000 Genomes on GRCh38,1000 Genomes 30x on GRCh38,1000 Genomes phase 3 release,1000 Genomes phase 1 release
NA19087	female	SAME123367	JPT	Japanese	EAS	East Asian Ancestry	JPT	1000 Genomes on GRCh38,1000 Genomes 30x on GRCh38,1000 Genomes phase 3 release,1000 Genomes phase 1 release
NA18940	male	SAME124310	JPT	Japanese,Japanese	EAS	East Asia (SGDP),East Asian Ancestry	JapaneseSGDP,JPT	1000 Genomes on GRCh38,Simons Genome Diversity Project,1000 Genomes 30x on GRCh38,1000 Genomes phase 3 release,1000 Genomes phase 1 release
NA18945	male	SAME124315	JPT	Japanese	EAS	East Asian Ancestry	JPT	1000 Genomes on GRCh38,1000 Genomes 30x on GRCh38,1000 Genomes phase 3 release,1000 Genomes phase 1 release
NA18952	male	SAME124114	JPT	Japanese	EAS	East Asian Ancestry	JPT	1000 Genomes on GRCh38,1000 Genomes 30x on GRCh38,1000 Genomes phase 3 release,1000 Genomes phase 1 release
NA18957	female	SAME124109	JPT	Japanese	EAS	East Asian Ancestry	JPT	1000 Genomes on GRCh38,1000 Genomes 30x on GRCh38,1000 Genomes phase 3 release,1000 Genomes phase 1 release
NA18964	female	SAME123960	JPT	Japanese	EAS	East Asian Ancestry	JPT	1000 Genomes on GRCh38,1000 Genomes 30x on GRCh38,1000 Genomes phase 3 release,1000 Genomes phase 1 release
NA18969	female	SAME123954	JPT	Japanese	EAS	East Asian Ancestry	JPT	1000 Genomes on GRCh38,1000 Genomes 30x on GRCh38,1000 Genomes phase 3 release,1000 Genomes phase 1 release
NA18971	male	SAME123763	JPT	Japanese	EAS	East Asian Ancestry	JPT	1000 Genomes on GRCh38,1000 Genomes 30x on GRCh38,1000 Genomes phase 3 release,1000 Genomes phase 1 release
NA18976	female	SAME123766	JPT	Japanese	EAS	East Asian Ancestry	JPT	1000 Genomes on GRCh38,1000 Genomes 30x on GRCh38,1000 Genomes phase 3 release,1000 Genomes phase 1 release
NA18983	male	SAME125074	JPT	Japanese	EAS	East Asian Ancestry	JPT	1000 Genomes on GRCh38,1000 Genomes 30x on GRCh38,1000 Genomes phase 3 release,1000 Genomes phase 1 release
NA18988	male	SAME125078	JPT	Japanese	EAS	East Asian Ancestry	JPT	1000 Genomes on GRCh38,1000 Genomes 30x on GRCh38,1000 Genomes phase 3 release,1000 Genomes phase 1 release
NA18990	male	SAME124893	JPT	Japanese	EAS	East Asian Ancestry	JPT	1000 Genomes on GRCh38,1000 Genomes 30x on GRCh38,1000 Genomes phase 3 release,1000 Genomes phase 1 release
NA18995	male	SAME124896	JPT	Japanese	EAS	East Asian Ancestry	JPT	1000 Genomes on GRCh38,1000 Genomes 30x on GRCh38,1000 Genomes phase 3 release,1000 Genomes phase 1 release
NA19001	female	SAME124478	JPT	Japanese	EAS	East Asian Ancestry	JPT	1000 Genomes on GRCh38,1000 Genomes 30x on GRCh38,1000 Genomes phase 3 release,1000 Genomes phase 1 release
NA19006	male	SAME125119	JPT	Japanese	EAS	East Asian Ancestry	JPT	1000 Genomes on GRCh38,1000 Genomes 30x on GRCh38,1000 Genomes phase 3 release
HG00479	female	SAME123334	CHS	Southern Han Chinese	EAS	East Asian Ancestry	CHS	1000 Genomes on GRCh38,1000 Genomes 30x on GRCh38,1000 Genomes phase 3 release,1000 Genomes phase 1 release,90 Han Chinese high coverage genomes
HG00513	female	SAME123526	CHS	Southern Han Chinese	EAS	East Asian Ancestry	CHS	1000 Genomes on GRCh38,1000 Genomes 30x on GRCh38,Human Genome Structural Variation Consortium, Phase 2,The Human Genome Structural Variation Consortium,1000 Genomes phase 3 release,1000 Genomes phase 1 release,90 Han Chinese high coverage genomes
HG00525	female	SAME123242	CHS	Southern Han Chinese	EAS	East Asian Ancestry	CHS	1000 Genomes on GRCh38,1000 Genomes 30x on GRCh38,1000 Genomes phase 3 release,1000 Genomes phase 1 release,90 Han Chinese high coverage genomes
HG00537	female	SAME124345	CHS	Southern Han Chinese	EAS	East Asian Ancestry	CHS	1000 Genomes on GRCh38,1000 Genomes 30x on GRCh38,1000 Genomes phase 3 release,1000 Genomes phase 1 release,90 Han Chinese high coverage genomes
HG00556	male	SAME123971	CHS	Southern Han Chinese	EAS	East Asian Ancestry	CHS	1000 Genomes on GRCh38,1000 Genomes 30x on GRCh38,1000 Genomes phase 3 release,1000 Genomes phase 1 release,90 Han Chinese high coverage genomes
HG00407	female	SAME125106	CHS	Southern Han Chinese	EAS	East Asian Ancestry	CHS	1000 Genomes on GRCh38,1000 Genomes 30x on GRCh38,1000 Genomes phase 3 release,1000 Genomes phase 1 release
HG00599	female	SAME1839802	CHS	Southern Han Chinese	EAS	East Asian Ancestry	CHS	1000 Genomes on GRCh38,1000 Genomes 30x on GRCh38,1000 Genomes phase 3 release
HG00419	female	SAME122991	CHS	Southern Han Chinese	EAS	East Asian Ancestry	CHS	1000 Genomes on GRCh38,1000 Genomes 30x on GRCh38,1000 Genomes phase 3 release,1000 Genomes phase 1 release
HG00607	male	SAME125373	CHS	Southern Han Chinese	EAS	East Asian Ancestry	CHS	1000 Genomes on GRCh38,1000 Genomes 30x on GRCh38,1000 Genomes phase 3 release,1000 Genomes phase 1 release
HG00421	male	SAME122808	CHS	Southern Han Chinese	EAS	East Asian Ancestry	CHS	1000 Genomes on GRCh38,1000 Genomes 30x on GRCh38,1000 Genomes phase 3 release,1000 Genomes phase 1 release,90 Han Chinese high coverage genomes
HG00614	female	SAME125195	CHS	Southern Han Chinese	EAS	East Asian Ancestry	CHS	1000 Genomes on GRCh38,1000 Genomes 30x on GRCh38,1000 Genomes phase 3 release,1000 Genomes phase 1 release
HG00619	male	SAME125193	CHS	Southern Han Chinese	EAS	East Asian Ancestry	CHS	1000 Genomes on GRCh38,1000 Genomes 30x on GRCh38,1000 Genomes phase 3 release,1000 Genomes phase 1 release,90 Han Chinese high coverage genomes
HG00560	female	SAME124456	CHS	Southern Han Chinese	EAS	East Asian Ancestry	CHS	1000 Genomes on GRCh38,1000 Genomes 30x on GRCh38,1000 Genomes phase 3 release,1000 Genomes phase 1 release
HG00626	female	SAME123078	CHS	Southern Han Chinese	EAS	East Asian Ancestry	CHS	1000 Genomes on GRCh38,1000 Genomes 30x on GRCh38,1000 Genomes phase 3 release,1000 Genomes phase 1 release
HG00565	male	SAME124452	CHS	Southern Han Chinese	EAS	East Asian Ancestry	CHS	1000 Genomes on GRCh38,1000 Genomes 30x on GRCh38,1000 Genomes phase 3 release,1000 Genomes phase 1 release
HG00584	female	SAME124663	CHS	Southern Han Chinese	EAS	East Asian Ancestry	CHS	1000 Genomes on GRCh38,1000 Genomes 30x on GRCh38,1000 Genomes phase 3 release,1000 Genomes phase 1 release,90 Han Chinese high coverage genomes
HG00589	male	SAME124824	CHS	Southern Han Chinese	EAS	East Asian Ancestry	CHS	1000 Genomes on GRCh38,1000 Genomes 30x on GRCh38,1000 Genomes phase 3 release,1000 Genomes phase 1 release
HG00436	male	SAME125262	CHS	Southern Han Chinese	EAS	East Asian Ancestry	CHS	1000 Genomes on GRCh38,1000 Genomes 30x on GRCh38,1000 Genomes phase 3 release,1000 Genomes phase 1 release,90 Han Chinese high coverage genomes
HG00443	female	SAME124920	CHS	Southern Han Chinese	EAS	East Asian Ancestry	CHS	1000 Genomes on GRCh38,1000 Genomes 30x on GRCh38,1000 Genomes phase 3 release,1000 Genomes phase 1 release,90 Han Chinese high coverage genomes
HG00596	female	SAME125007	CHS	Southern Han Chinese	EAS	East Asian Ancestry	CHS	1000 Genomes on GRCh38,1000 Genomes 30x on GRCh38,1000 Genomes phase 3 release,1000 Genomes phase 1 release
HG00448	male	SAME124200	CHS	Southern Han Chinese	EAS	East Asian Ancestry	CHS	1000 Genomes on GRCh38,1000 Genomes 30x on GRCh38,1000 Genomes phase 3 release,1000 Genomes phase 1 release,90 Han Chinese high coverage genomes
HG00611	female	SAME125198	CHS	Southern Han Chinese	EAS	East Asian Ancestry	CHS	1000 Genomes on GRCh38,1000 Genomes 30x on GRCh38,1000 Genomes phase 3 release,1000 Genomes phase 1 release
HG00657	female	SAME123255	CHS	Southern Han Chinese	EAS	East Asian Ancestry	CHS	1000 Genomes on GRCh38,1000 Genomes 30x on GRCh38,1000 Genomes phase 3 release,1000 Genomes phase 1 release,90 Han Chinese high coverage genomes
HG00671	male	SAME123604	CHS	Southern Han Chinese	EAS	East Asian Ancestry	CHS	1000 Genomes on GRCh38,1000 Genomes 30x on GRCh38,1000 Genomes phase 3 release,1000 Genomes phase 1 release,90 Han Chinese high coverage genomes
HG00683	male	SAME123892	CHS	Southern Han Chinese	EAS	East Asian Ancestry	CHS	1000 Genomes on GRCh38,1000 Genomes 30x on GRCh38,1000 Genomes phase 3 release,1000 Genomes phase 1 release,90 Han Chinese high coverage genomes
HG00690	female	SAME123686	CHS	Southern Han Chinese	EAS	East Asian Ancestry	CHS	1000 Genomes on GRCh38,1000 Genomes 30x on GRCh38,1000 Genomes phase 3 release,1000 Genomes phase 1 release,90 Han Chinese high coverage genomes
HG00445	male	SAME124975	CHS	Southern Han Chinese	EAS	East Asian Ancestry	CHS	1000 Genomes on GRCh38,1000 Genomes 30x on GRCh38,1000 Genomes phase 3 release,1000 Genomes phase 1 release
HG00452	female	SAME123115	CHS	Southern Han Chinese	EAS	East Asian Ancestry	CHS	1000 Genomes on GRCh38,1000 Genomes 30x on GRCh38,1000 Genomes phase 3 release,1000 Genomes phase 1 release
HG00457	male	SAME123095	CHS	Southern Han Chinese	EAS	East Asian Ancestry	CHS	1000 Genomes on GRCh38,1000 Genomes 30x on GRCh38,1000 Genomes phase 3 release,1000 Genomes phase 1 release
HG00464	female	SAME123497	CHS	Southern Han Chinese	EAS	East Asian Ancestry	CHS	1000 Genomes on GRCh38,1000 Genomes 30x on GRCh38,1000 Genomes phase 3 release,1000 Genomes phase 1 release
HG00476	female	SAME123341	CHS	Southern Han Chinese	EAS	East Asian Ancestry	CHS	1000 Genomes on GRCh38,1000 Genomes 30x on GRCh38,1000 Genomes phase 3 release,1000 Genomes phase 1 release,90 Han Chinese high coverage genomes
HG00534	female	SAME123915	CHS	Southern Han Chinese	EAS	East Asian Ancestry	CHS	1000 Genomes on GRCh38,1000 Genomes 30x on GRCh38,1000 Genomes phase 3 release,1000 Genomes phase 1 release,90 Han Chinese high coverage genomes
HG00729	female	SAME1840273	CHS	Southern Han Chinese	EAS	East Asian Ancestry	CHS	1000 Genomes on GRCh38,1000 Genomes 30x on GRCh38,1000 Genomes phase 3 release
HG00844	male	SAME123952	CDX	Dai Chinese	EAS	East Asian Ancestry	CDX	1000 Genomes on GRCh38,1000 Genomes 30x on GRCh38,1000 Genomes phase 3 release
HG00851	female	SAME123756	CDX	Dai Chinese	EAS	East Asian Ancestry	CDX	1000 Genomes on GRCh38,1000 Genomes 30x on GRCh38,1000 Genomes phase 3 release
HG00708	female	SAME122940	CHS	Southern Han Chinese	EAS	East Asian Ancestry	CHS	1000 Genomes on GRCh38,1000 Genomes 30x on GRCh38,1000 Genomes phase 3 release,1000 Genomes phase 1 release
HG00623	female	SAME1839285	CHS	Southern Han Chinese	EAS	East Asian Ancestry	CHS	1000 Genomes on GRCh38,1000 Genomes 30x on GRCh38,1000 Genomes phase 3 release
HG01028	male	SAME123524	CDX	Dai Chinese	EAS	East Asian Ancestry	CDX	1000 Genomes on GRCh38,1000 Genomes 30x on GRCh38,1000 Genomes phase 3 release
HG00628	male	SAME123085	CHS	Southern Han Chinese	EAS	East Asian Ancestry	CHS	1000 Genomes on GRCh38,1000 Genomes 30x on GRCh38,1000 Genomes phase 3 release,1000 Genomes phase 1 release
HG00654	female	SAME123234	CHS	Southern Han Chinese	EAS	East Asian Ancestry	CHS	1000 Genomes on GRCh38,1000 Genomes 30x on GRCh38,1000 Genomes phase 3 release,1000 Genomes phase 1 release
HG01597	female	SAME125226	KHV	Kinh Vietnamese	EAS	East Asian Ancestry	KHV	1000 Genomes on GRCh38,1000 Genomes 30x on GRCh38,1000 Genomes phase 3 release
HG01600	female	SAME123456	KHV	Kinh,Kinh Vietnamese	EAS	East Asia (SGDP),East Asian Ancestry	KinhSGDP,KHV	1000 Genomes on GRCh38,Simons Genome Diversity Project,1000 Genomes 30x on GRCh38,1000 Genomes phase 3 release
HG00692	male	SAME123684	CHS	Southern Han Chinese	EAS	East Asian Ancestry	CHS	1000 Genomes on GRCh38,1000 Genomes 30x on GRCh38,1000 Genomes phase 3 release,1000 Genomes phase 1 release
HG00705	female	SAME122927	CHS	Southern Han Chinese	EAS	East Asian Ancestry	CHS	1000 Genomes on GRCh38,1000 Genomes 30x on GRCh38,1000 Genomes phase 3 release,1000 Genomes phase 1 release
HG00717	female	SAME124926	CHS	Southern Han Chinese	EAS	East Asian Ancestry	CHS	1000 Genomes on GRCh38,1000 Genomes 30x on GRCh38,1000 Genomes phase 3 release
HG01599	female	SAME125238	KHV	Kinh Vietnamese	EAS	East Asian Ancestry	KHV	1000 Genomes on GRCh38,1000 Genomes 30x on GRCh38,1000 Genomes phase 3 release
HG01864	male	SAME123197	KHV	Kinh Vietnamese	EAS	East Asian Ancestry	KHV	1000 Genomes on GRCh38,1000 Genomes 30x on GRCh38,1000 Genomes phase 3 release
HG01869	female	SAME123192	KHV	Kinh Vietnamese	EAS	East Asian Ancestry	KHV	1000 Genomes on GRCh38,1000 Genomes 30x on GRCh38,1000 Genomes phase 3 release
HG01871	female	SAME123398	KHV	Kinh Vietnamese	EAS	East Asian Ancestry	KHV	1000 Genomes on GRCh38,1000 Genomes 30x on GRCh38,1000 Genomes phase 3 release
HG02019	female	SAME123450	KHV	Kinh Vietnamese	EAS	East Asian Ancestry	KHV	1000 Genomes on GRCh38,1000 Genomes 30x on GRCh38,1000 Genomes phase 3 release
HG02026	male	SAME125315	KHV	Kinh Vietnamese	EAS	East Asian Ancestry	KHV	1000 Genomes on GRCh38,1000 Genomes 30x on GRCh38,1000 Genomes phase 3 release
HG02040	male	SAME1839803	KHV	Kinh Vietnamese	EAS	East Asian Ancestry	KHV	1000 Genomes on GRCh38,1000 Genomes 30x on GRCh38,1000 Genomes phase 3 release
HG01840	male	SAME123552	KHV	Kinh Vietnamese	EAS	East Asian Ancestry	KHV	1000 Genomes on GRCh38,1000 Genomes 30x on GRCh38,1000 Genomes phase 3 release
HG01845	female	SAME123555	KHV	Kinh Vietnamese	EAS	East Asian Ancestry	KHV	1000 Genomes on GRCh38,1000 Genomes 30x on GRCh38,1000 Genomes phase 3 release
HG01852	male	SAME123750	KHV	Kinh Vietnamese	EAS	East Asian Ancestry	KHV	1000 Genomes on GRCh38,1000 Genomes 30x on GRCh38,1000 Genomes phase 3 release
HG02016	female	SAME123446	KHV	Kinh Vietnamese	EAS	East Asian Ancestry	KHV	1000 Genomes on GRCh38,1000 Genomes 30x on GRCh38,1000 Genomes phase 3 release
HG01857	female	SAME123748	KHV	Kinh Vietnamese	EAS	East Asian Ancestry	KHV	1000 Genomes on GRCh38,1000 Genomes 30x on GRCh38,1000 Genomes phase 3 release
HG02023	male	SAME125307	KHV	Kinh Vietnamese	EAS	East Asian Ancestry	KHV	1000 Genomes on GRCh38,1000 Genomes 30x on GRCh38,1000 Genomes phase 3 release
HG01794	female	SAME124218	CDX	Dai Chinese	EAS	East Asian Ancestry	CDX	1000 Genomes on GRCh38,1000 Genomes 30x on GRCh38,1000 Genomes phase 3 release
HG01799	female	SAME124227	CDX	Dai Chinese	EAS	East Asian Ancestry	CDX	1000 Genomes on GRCh38,1000 Genomes 30x on GRCh38,1000 Genomes phase 3 release
HG01802	female	SAME124307	CDX	Dai Chinese	EAS	East Asian Ancestry	CDX	1000 Genomes on GRCh38,1000 Genomes 30x on GRCh38,1000 Genomes phase 3 release
HG01807	female	SAME124303	CDX	Dai Chinese	EAS	East Asian Ancestry	CDX	1000 Genomes on GRCh38,1000 Genomes 30x on GRCh38,1000 Genomes phase 3 release
HG02076	male	SAME124913	KHV	Kinh Vietnamese	EAS	East Asian Ancestry	KHV	1000 Genomes on GRCh38,1000 Genomes 30x on GRCh38,1000 Genomes phase 3 release
HG01796	female	SAME124220	CDX	Dai Chinese	EAS	East Asian Ancestry	CDX	1000 Genomes on GRCh38,1000 Genomes 30x on GRCh38,1000 Genomes phase 3 release
HG02088	male	SAME124820	KHV	Kinh Vietnamese	EAS	East Asian Ancestry	KHV	1000 Genomes on GRCh38,1000 Genomes 30x on GRCh38,1000 Genomes phase 3 release
HG02139	female	SAME123660	KHV	Kinh Vietnamese	EAS	East Asian Ancestry	KHV	1000 Genomes on GRCh38,1000 Genomes 30x on GRCh38,1000 Genomes phase 3 release
HG02141	male	SAME124611	KHV	Kinh Vietnamese	EAS	East Asian Ancestry	KHV	1000 Genomes on GRCh38,1000 Genomes 30x on GRCh38,1000 Genomes phase 3 release
HG01866	male	SAME123195	KHV	Kinh Vietnamese	EAS	East Asian Ancestry	KHV	1000 Genomes on GRCh38,1000 Genomes 30x on GRCh38,1000 Genomes phase 3 release
HG01873	male	SAME123400	KHV	Kinh Vietnamese	EAS	East Asian Ancestry	KHV	1000 Genomes on GRCh38,1000 Genomes 30x on GRCh38,1000 Genomes phase 3 release
HG02153	female	SAME124791	CDX	Dai Chinese	EAS	East Asian Ancestry	CDX	1000 Genomes on GRCh38,1000 Genomes 30x on GRCh38,1000 Genomes phase 3 release
HG01878	female	SAME123394	KHV	Kinh Vietnamese	EAS	East Asian Ancestry	KHV	1000 Genomes on GRCh38,1000 Genomes 30x on GRCh38,1000 Genomes phase 3 release
HG02057	female	SAME124146	KHV	Kinh Vietnamese	EAS	East Asian Ancestry	KHV	1000 Genomes on GRCh38,1000 Genomes 30x on GRCh38,1000 Genomes phase 3 release
HG02064	male	SAME1839658	KHV	Kinh Vietnamese	EAS	East Asian Ancestry	KHV	1000 Genomes on GRCh38,1000 Genomes 30x on GRCh38,1000 Genomes phase 3 release
HG02069	female	SAME123375	KHV	Kinh Vietnamese	EAS	East Asian Ancestry	KHV	1000 Genomes on GRCh38,1000 Genomes 30x on GRCh38,1000 Genomes phase 3 release
HG01842	male	SAME123554	KHV	Kinh Vietnamese	EAS	East Asian Ancestry	KHV	1000 Genomes on GRCh38,1000 Genomes 30x on GRCh38,1000 Genomes phase 3 release
HG01847	female	SAME123557	KHV	Kinh Vietnamese	EAS	East Asian Ancestry	KHV	1000 Genomes on GRCh38,1000 Genomes 30x on GRCh38,1000 Genomes phase 3 release
HG01859	female	SAME123535	KHV	Kinh Vietnamese	EAS	East Asian Ancestry	KHV	1000 Genomes on GRCh38,1000 Genomes 30x on GRCh38,1000 Genomes phase 3 release
HG02122	male	SAME123478	KHV	Kinh Vietnamese	EAS	East Asian Ancestry	KHV	1000 Genomes on GRCh38,1000 Genomes 30x on GRCh38,1000 Genomes phase 3 release
HG01861	male	SAME123200	KHV	Kinh Vietnamese	EAS	East Asian Ancestry	KHV	1000 Genomes on GRCh38,1000 Genomes 30x on GRCh38,1000 Genomes phase 3 release
HG02127	female	SAME123476	KHV	Kinh Vietnamese	EAS	East Asian Ancestry	KHV	1000 Genomes on GRCh38,1000 Genomes 30x on GRCh38,1000 Genomes phase 3 release
HG01804	female	SAME124302	CDX	Dai Chinese	EAS	East Asian Ancestry	CDX	1000 Genomes on GRCh38,1000 Genomes 30x on GRCh38,1000 Genomes phase 3 release
HG02134	male	SAME1839875	KHV	Kinh Vietnamese	EAS	East Asian Ancestry	KHV	1000 Genomes on GRCh38,1000 Genomes 30x on GRCh38,1000 Genomes phase 3 release
HG01809	female	SAME124299	CDX	Dai Chinese	EAS	East Asian Ancestry	CDX	1000 Genomes on GRCh38,1000 Genomes 30x on GRCh38,1000 Genomes phase 3 release
HG01811	male	SAME125380	CDX	Dai Chinese	EAS	East Asian Ancestry	CDX	1000 Genomes on GRCh38,1000 Genomes 30x on GRCh38,1000 Genomes phase 3 release
HG01816	male	SAME124521	CDX	Dai Chinese	EAS	East Asian Ancestry	CDX	1000 Genomes on GRCh38,1000 Genomes 30x on GRCh38,1000 Genomes phase 3 release
HG02165	female	SAME124208	CDX	Dai Chinese	EAS	East Asian Ancestry	CDX	1000 Genomes on GRCh38,1000 Genomes 30x on GRCh38,1000 Genomes phase 3 release
HG02184	female	SAME123216	CDX	Dai Chinese	EAS	East Asian Ancestry	CDX	1000 Genomes on GRCh38,1000 Genomes 30x on GRCh38,1000 Genomes phase 3 release
HG02155	female	SAME124795	CDX	Dai Chinese	EAS	East Asian Ancestry	CDX	1000 Genomes on GRCh38,1000 Genomes 30x on GRCh38,1000 Genomes phase 3 release
HG02028	female	SAME124020	KHV	Kinh Vietnamese	EAS	East Asian Ancestry	KHV	1000 Genomes on GRCh38,1000 Genomes 30x on GRCh38,1000 Genomes phase 3 release
HG02035	male	SAME1840035	KHV	Kinh Vietnamese	EAS	East Asian Ancestry	KHV	1000 Genomes on GRCh38,1000 Genomes 30x on GRCh38,1000 Genomes phase 3 release
HG02047	male	SAME1839772	KHV	Kinh Vietnamese	EAS	East Asian Ancestry	KHV	1000 Genomes on GRCh38,1000 Genomes 30x on GRCh38,1000 Genomes phase 3 release
HG02061	male	SAME1839676	KHV	Kinh Vietnamese	EAS	East Asian Ancestry	KHV	1000 Genomes on GRCh38,1000 Genomes 30x on GRCh38,1000 Genomes phase 3 release
HG02073	male	SAME123104	KHV	Kinh Vietnamese	EAS	East Asian Ancestry	KHV	1000 Genomes on GRCh38,1000 Genomes 30x on GRCh38,1000 Genomes phase 3 release
HG02078	female	SAME123099	KHV	Kinh Vietnamese	EAS	East Asian Ancestry	KHV	1000 Genomes on GRCh38,1000 Genomes 30x on GRCh38,1000 Genomes phase 3 release
HG02179	female	SAME124415	CDX	Dai Chinese	EAS	East Asian Ancestry	CDX	1000 Genomes on GRCh38,1000 Genomes 30x on GRCh38,1000 Genomes phase 3 release
HG02181	female	SAME123206	CDX	Dai Chinese	EAS	East Asian Ancestry	CDX	1000 Genomes on GRCh38,1000 Genomes 30x on GRCh38,1000 Genomes phase 3 release
HG02186	female	SAME125039	CDX	Dai Chinese	EAS	East Asian Ancestry	CDX	1000 Genomes on GRCh38,1000 Genomes 30x on GRCh38,1000 Genomes phase 3 release
HG02085	male	SAME124979	KHV	Kinh Vietnamese	EAS	East Asian Ancestry	KHV	1000 Genomes on GRCh38,1000 Genomes 30x on GRCh38,1000 Genomes phase 3 release
HG00475	male	SAME123342	CHS	Southern Han Chinese	EAS	East Asian Ancestry	CHS	1000 Genomes on GRCh38,1000 Genomes 30x on GRCh38,1000 Genomes phase 3 release,1000 Genomes phase 1 release,90 Han Chinese high coverage genomes
HG02131	male	SAME1839896	KHV	Kinh Vietnamese	EAS	East Asian Ancestry	KHV	1000 Genomes on GRCh38,1000 Genomes 30x on GRCh38,1000 Genomes phase 3 release
HG02136	female	SAME1839865	KHV	Kinh Vietnamese	EAS	East Asian Ancestry	KHV	1000 Genomes on GRCh38,1000 Genomes 30x on GRCh38,1000 Genomes phase 3 release
HG00533	male	SAME124353	CHS	Southern Han Chinese	EAS	East Asian Ancestry	CHS	1000 Genomes on GRCh38,1000 Genomes 30x on GRCh38,1000 Genomes phase 3 release,1000 Genomes phase 1 release,90 Han Chinese high coverage genomes
HG02355	male	SAME1840269	CDX	Dai Chinese	EAS	East Asian Ancestry	CDX	1000 Genomes on GRCh38,1000 Genomes 30x on GRCh38,1000 Genomes phase 3 release
HG00557	female	SAME124258	CHS	Southern Han Chinese	EAS	East Asian Ancestry	CHS	1000 Genomes on GRCh38,1000 Genomes 30x on GRCh38,1000 Genomes phase 3 release,1000 Genomes phase 1 release,90 Han Chinese high coverage genomes
HG02367	male	SAME1840113	CDX	Dai Chinese	EAS	East Asian Ancestry	CDX	1000 Genomes on GRCh38,1000 Genomes 30x on GRCh38,1000 Genomes phase 3 release
HG00583	male	SAME124829	CHS	Southern Han Chinese	EAS	East Asian Ancestry	CHS	1000 Genomes on GRCh38,1000 Genomes 30x on GRCh38,1000 Genomes phase 3 release,1000 Genomes phase 1 release,90 Han Chinese high coverage genomes
HG02374	male	SAME1840247	CDX	Dai Chinese	EAS	East Asian Ancestry	CDX	1000 Genomes on GRCh38,1000 Genomes 30x on GRCh38,1000 Genomes phase 3 release
HG02379	male	SAME1840217	CDX	Dai Chinese	EAS	East Asian Ancestry	CDX	1000 Genomes on GRCh38,1000 Genomes 30x on GRCh38,1000 Genomes phase 3 release
HG00406	male	SAME123156	CHS	Southern Han Chinese	EAS	East Asian Ancestry	CHS	1000 Genomes on GRCh38,1000 Genomes 30x on GRCh38,1000 Genomes phase 3 release,1000 Genomes phase 1 release
HG00437	female	SAME125261	CHS	Southern Han Chinese	EAS	East Asian Ancestry	CHS	1000 Genomes on GRCh38,1000 Genomes 30x on GRCh38,1000 Genomes phase 3 release,1000 Genomes phase 1 release,90 Han Chinese high coverage genomes
HG00449	female	SAME123885	CHS	Southern Han Chinese	EAS	East Asian Ancestry	CHS	1000 Genomes on GRCh38,1000 Genomes 30x on GRCh38,1000 Genomes phase 3 release,1000 Genomes phase 1 release
HG00451	male	SAME125159	CHS	Southern Han Chinese	EAS	East Asian Ancestry	CHS	1000 Genomes on GRCh38,1000 Genomes 30x on GRCh38,1000 Genomes phase 3 release,1000 Genomes phase 1 release
HG00463	male	SAME123496	CHS	Southern Han Chinese	EAS	East Asian Ancestry	CHS	1000 Genomes on GRCh38,1000 Genomes 30x on GRCh38,1000 Genomes phase 3 release,1000 Genomes phase 1 release
HG02521	male	SAME1840327	KHV	Kinh Vietnamese	EAS	East Asian Ancestry	KHV	1000 Genomes on GRCh38,1000 Genomes 30x on GRCh38,1000 Genomes phase 3 release
HG00653	male	SAME123251	CHS	Southern Han Chinese	EAS	East Asian Ancestry	CHS	1000 Genomes on GRCh38,1000 Genomes 30x on GRCh38,1000 Genomes phase 3 release,1000 Genomes phase 1 release,90 Han Chinese high coverage genomes
HG00672	female	SAME123606	CHS	Southern Han Chinese	EAS	East Asian Ancestry	CHS	1000 Genomes on GRCh38,1000 Genomes 30x on GRCh38,1000 Genomes phase 3 release,1000 Genomes phase 1 release,90 Han Chinese high coverage genomes
HG02386	male	SAME1840001	CDX	Dai Chinese	EAS	East Asian Ancestry	CDX	1000 Genomes on GRCh38,1000 Genomes 30x on GRCh38,1000 Genomes phase 3 release
HG00684	female	SAME123890	CHS	Southern Han Chinese	EAS	East Asian Ancestry	CHS	1000 Genomes on GRCh38,1000 Genomes 30x on GRCh38,1000 Genomes phase 3 release,1000 Genomes phase 1 release,90 Han Chinese high coverage genomes
HG02398	male	SAME1839845	CDX	Dai Chinese	EAS	East Asian Ancestry	CDX	1000 Genomes on GRCh38,1000 Genomes 30x on GRCh38,1000 Genomes phase 3 release
HG00689	male	SAME123893	CHS	Southern Han Chinese	EAS	East Asian Ancestry	CHS	1000 Genomes on GRCh38,1000 Genomes 30x on GRCh38,1000 Genomes phase 3 release,1000 Genomes phase 1 release
HG02401	male	SAME1839415	CDX	Dai Chinese	EAS	East Asian Ancestry	CDX	1000 Genomes on GRCh38,1000 Genomes 30x on GRCh38,1000 Genomes phase 3 release
HG02406	male	SAME1839394	CDX	Dai Chinese	EAS	East Asian Ancestry	CDX	1000 Genomes on GRCh38,1000 Genomes 30x on GRCh38,1000 Genomes phase 3 release
HG00867	female	SAME123550	CDX	Dai Chinese	EAS	East Asian Ancestry	CDX	1000 Genomes on GRCh38,1000 Genomes 30x on GRCh38,1000 Genomes phase 3 release
HG00879	female	SAME123399	CDX	Dai Chinese	EAS	East Asian Ancestry	CDX	1000 Genomes on GRCh38,1000 Genomes 30x on GRCh38,1000 Genomes phase 3 release
HG00881	male	SAME123540	CDX	Dai Chinese	EAS	East Asian Ancestry	CDX	1000 Genomes on GRCh38,1000 Genomes 30x on GRCh38,1000 Genomes phase 3 release
HG00956	female	SAME124319	CDX	Dai Chinese	EAS	East Asian Ancestry	CDX	1000 Genomes on GRCh38,1000 Genomes 30x on GRCh38,1000 Genomes phase 3 release
HG00982	male	SAME123770	CDX	Dai Chinese	EAS	East Asian Ancestry	CDX	1000 Genomes on GRCh38,1000 Genomes 30x on GRCh38,1000 Genomes phase 3 release
HG01029	female	SAME123523	CDX	Dai Chinese	EAS	East Asian Ancestry	CDX	1000 Genomes on GRCh38,1000 Genomes 30x on GRCh38,1000 Genomes phase 3 release
HG01031	male	SAME123728	CDX	Dai Chinese	EAS	East Asian Ancestry	CDX	1000 Genomes on GRCh38,1000 Genomes 30x on GRCh38,1000 Genomes phase 3 release
HG00704	male	SAME122928	CHS	Southern Han Chinese	EAS	East Asian Ancestry	CHS	1000 Genomes on GRCh38,1000 Genomes 30x on GRCh38,1000 Genomes phase 3 release,1000 Genomes phase 1 release
HG00728	male	SAME1840267	CHS	Southern Han Chinese	EAS	East Asian Ancestry	CHS	1000 Genomes on GRCh38,1000 Genomes 30x on GRCh38,1000 Genomes phase 3 release
HG02390	male	SAME1839788	CDX	Dai Chinese	EAS	East Asian Ancestry	CDX	1000 Genomes on GRCh38,1000 Genomes 30x on GRCh38,1000 Genomes phase 3 release
HG02395	male	SAME1839754	CDX	Dai Chinese	EAS	East Asian Ancestry	CDX	1000 Genomes on GRCh38,1000 Genomes 30x on GRCh38,1000 Genomes phase 3 release
HG00759	female	SAME125020	CDX	Dai Chinese	EAS	East Asian Ancestry	CDX	1000 Genomes on GRCh38,1000 Genomes 30x on GRCh38,1000 Genomes phase 3 release
HG02408	male	SAME1839461	CDX	Dai Chinese	EAS	East Asian Ancestry	CDX	1000 Genomes on GRCh38,1000 Genomes 30x on GRCh38,1000 Genomes phase 3 release
HG00766	female	SAME124458	CDX	Dai Chinese	EAS	East Asian Ancestry	CDX	1000 Genomes on GRCh38,1000 Genomes 30x on GRCh38,1000 Genomes phase 3 release
HG02410	male	SAME1839207	CDX	Dai Chinese	EAS	East Asian Ancestry	CDX	1000 Genomes on GRCh38,1000 Genomes 30x on GRCh38,1000 Genomes phase 3 release
HG00590	female	SAME125009	CHS	Southern Han Chinese	EAS	East Asian Ancestry	CHS	1000 Genomes on GRCh38,1000 Genomes 30x on GRCh38,1000 Genomes phase 3 release,1000 Genomes phase 1 release
HG00595	male	SAME125006	CHS	Southern Han Chinese	EAS	East Asian Ancestry	CHS	1000 Genomes on GRCh38,1000 Genomes 30x on GRCh38,1000 Genomes phase 3 release,1000 Genomes phase 1 release
HG00608	female	SAME125369	CHS	Southern Han Chinese	EAS	East Asian Ancestry	CHS	1000 Genomes on GRCh38,1000 Genomes 30x on GRCh38,1000 Genomes phase 3 release,1000 Genomes phase 1 release
HG00610	male	SAME125199	CHS	Southern Han Chinese	EAS	East Asian Ancestry	CHS	1000 Genomes on GRCh38,1000 Genomes 30x on GRCh38,1000 Genomes phase 3 release,1000 Genomes phase 1 release
HG02364	male	SAME1840125	CDX	Dai Chinese	EAS	East Asian Ancestry	CDX	1000 Genomes on GRCh38,1000 Genomes 30x on GRCh38,1000 Genomes phase 3 release
HG02371	male	SAME1840180	CDX	Dai Chinese	EAS	East Asian Ancestry	CDX	1000 Genomes on GRCh38,1000 Genomes 30x on GRCh38,1000 Genomes phase 3 release
HG00622	male	SAME1839278	CHS	Southern Han Chinese	EAS	East Asian Ancestry	CHS	1000 Genomes on GRCh38,1000 Genomes 30x on GRCh38,1000 Genomes phase 3 release
HG02383	male	SAME1840019	CDX	Dai Chinese	EAS	East Asian Ancestry	CDX	1000 Genomes on GRCh38,1000 Genomes 30x on GRCh38,1000 Genomes phase 3 release
HG00634	male	SAME122903	CHS	Southern Han Chinese	EAS	East Asian Ancestry	CHS	1000 Genomes on GRCh38,1000 Genomes 30x on GRCh38,1000 Genomes phase 3 release,1000 Genomes phase 1 release
HG01598	female	SAME125239	KHV	Kinh Vietnamese	EAS	East Asian Ancestry	KHV	1000 Genomes on GRCh38,1000 Genomes 30x on GRCh38,1000 Genomes phase 3 release
HG01815	female	SAME124524	CDX	Dai Chinese	EAS	East Asian Ancestry	CDX	1000 Genomes on GRCh38,1000 Genomes 30x on GRCh38,1000 Genomes phase 3 release
HG01841	female	SAME123551	KHV	Kinh Vietnamese	EAS	East Asian Ancestry	KHV	1000 Genomes on GRCh38,1000 Genomes 30x on GRCh38,1000 Genomes phase 3 release
HG01846	male	SAME123558	KHV	Kinh,Kinh Vietnamese	EAS	East Asia (SGDP),East Asian Ancestry	KinhSGDP,KHV	1000 Genomes on GRCh38,Simons Genome Diversity Project,1000 Genomes 30x on GRCh38,1000 Genomes phase 3 release
HG01853	female	SAME123751	KHV	Kinh Vietnamese	EAS	East Asian Ancestry	KHV	1000 Genomes on GRCh38,1000 Genomes 30x on GRCh38,1000 Genomes phase 3 release
HG01858	female	SAME123754	KHV	Kinh Vietnamese	EAS	East Asian Ancestry	KHV	1000 Genomes on GRCh38,1000 Genomes 30x on GRCh38,1000 Genomes phase 3 release
HG01860	male	SAME123201	KHV	Kinh Vietnamese	EAS	East Asian Ancestry	KHV	1000 Genomes on GRCh38,1000 Genomes 30x on GRCh38,1000 Genomes phase 3 release
HG01865	male	SAME123196	KHV	Kinh Vietnamese	EAS	East Asian Ancestry	KHV	1000 Genomes on GRCh38,1000 Genomes 30x on GRCh38,1000 Genomes phase 3 release
HG01872	male	SAME123995	KHV	Kinh Vietnamese	EAS	East Asian Ancestry	KHV	1000 Genomes on GRCh38,1000 Genomes 30x on GRCh38,1000 Genomes phase 3 release
HG01795	female	SAME124217	CDX	Dai Chinese	EAS	East Asian Ancestry	CDX	1000 Genomes on GRCh38,1000 Genomes 30x on GRCh38,1000 Genomes phase 3 release
HG01808	female	SAME124300	CDX	Dai Chinese	EAS	East Asian Ancestry	CDX	1000 Genomes on GRCh38,1000 Genomes 30x on GRCh38,1000 Genomes phase 3 release
HG01810	male	SAME124519	CDX	Dai Chinese	EAS	East Asian Ancestry	CDX	1000 Genomes on GRCh38,1000 Genomes 30x on GRCh38,1000 Genomes phase 3 release
HG02084	female	SAME124973	KHV	Kinh Vietnamese	EAS	East Asian Ancestry	KHV	1000 Genomes on GRCh38,1000 Genomes 30x on GRCh38,1000 Genomes phase 3 release
HG02116	male	SAME1839990	KHV	Kinh Vietnamese	EAS	East Asian Ancestry	KHV	1000 Genomes on GRCh38,1000 Genomes 30x on GRCh38,1000 Genomes phase 3 release
HG02128	male	SAME123475	KHV	Kinh Vietnamese	EAS	East Asian Ancestry	KHV	1000 Genomes on GRCh38,1000 Genomes 30x on GRCh38,1000 Genomes phase 3 release
HG02130	female	SAME1839904	KHV	Kinh Vietnamese	EAS	East Asian Ancestry	KHV	1000 Genomes on GRCh38,1000 Genomes 30x on GRCh38,1000 Genomes phase 3 release
HG02166	female	SAME124207	CDX	Dai Chinese	EAS	East Asian Ancestry	CDX	1000 Genomes on GRCh38,1000 Genomes 30x on GRCh38,1000 Genomes phase 3 release
HG02173	female	SAME1839041	CDX	Dai Chinese	EAS	East Asian Ancestry	CDX	1000 Genomes on GRCh38
HG02178	female	SAME124414	CDX	Dai Chinese	EAS	East Asian Ancestry	CDX	1000 Genomes on GRCh38,1000 Genomes 30x on GRCh38,1000 Genomes phase 3 release
HG02180	female	SAME123208	CDX	Dai Chinese	EAS	East Asian Ancestry	CDX	1000 Genomes on GRCh38,1000 Genomes 30x on GRCh38,1000 Genomes phase 3 release
HG02185	female	SAME123215	CDX	Dai Chinese	EAS	East Asian Ancestry	CDX	1000 Genomes on GRCh38,1000 Genomes 30x on GRCh38,1000 Genomes phase 3 release
HG02250	male	SAME1839268	CDX	Dai Chinese	EAS	East Asian Ancestry	CDX	1000 Genomes on GRCh38,1000 Genomes 30x on GRCh38,1000 Genomes phase 3 release
HG02142	female	SAME124614	KHV	Kinh Vietnamese	EAS	East Asian Ancestry	KHV	1000 Genomes on GRCh38,1000 Genomes 30x on GRCh38,1000 Genomes phase 3 release
HG02154	female	SAME124794	CDX	Dai Chinese	EAS	East Asian Ancestry	CDX	1000 Genomes on GRCh38,1000 Genomes 30x on GRCh38,1000 Genomes phase 3 release
HG02058	male	SAME125319	KHV	Kinh Vietnamese	EAS	East Asian Ancestry	KHV	1000 Genomes on GRCh38,1000 Genomes 30x on GRCh38,1000 Genomes phase 3 release
HG02060	female	SAME1839679	KHV	Kinh Vietnamese	EAS	East Asian Ancestry	KHV	1000 Genomes on GRCh38,1000 Genomes 30x on GRCh38,1000 Genomes phase 3 release
HG02072	female	SAME123105	KHV	Kinh Vietnamese	EAS	East Asian Ancestry	KHV	1000 Genomes on GRCh38,1000 Genomes 30x on GRCh38,1000 Genomes phase 3 release
NA18555	female	SAME124090	CHB	Han Chinese	EAS	East Asian Ancestry	CHB	1000 Genomes on GRCh38,1000 Genomes 30x on GRCh38,1000 Genomes phase 3 release,1000 Genomes phase 1 release,90 Han Chinese high coverage genomes
NA18562	male	SAME123927	CHB	Han Chinese	EAS	East Asian Ancestry	CHB	1000 Genomes on GRCh38,1000 Genomes 30x on GRCh38,1000 Genomes phase 3 release,1000 Genomes phase 1 release,90 Han Chinese high coverage genomes
NA18567	female	SAME123924	CHB	Han Chinese	EAS	East Asian Ancestry	CHB	1000 Genomes on GRCh38,1000 Genomes 30x on GRCh38,1000 Genomes phase 3 release,1000 Genomes phase 1 release
NA18574	female	SAME123737	CHB	Han Chinese	EAS	East Asian Ancestry	CHB	1000 Genomes on GRCh38,1000 Genomes 30x on GRCh38,1000 Genomes phase 3 release,1000 Genomes phase 1 release
NA18579	female	SAME123742	CHB	Han Chinese	EAS	East Asian Ancestry	CHB	1000 Genomes on GRCh38,1000 Genomes 30x on GRCh38,1000 Genomes phase 3 release,1000 Genomes phase 1 release,90 Han Chinese high coverage genomes
NA18593	female	SAME123720	CHB	Han Chinese	EAS	East Asian Ancestry	CHB	1000 Genomes on GRCh38,1000 Genomes 30x on GRCh38,1000 Genomes phase 3 release,1000 Genomes phase 1 release,90 Han Chinese high coverage genomes
NA18606	male	SAME124879	CHB	Han Chinese	EAS	East Asian Ancestry	CHB	1000 Genomes on GRCh38,1000 Genomes 30x on GRCh38,1000 Genomes phase 3 release,1000 Genomes phase 1 release
NA18613	male	SAME125037	CHB	Han Chinese	EAS	East Asian Ancestry	CHB	1000 Genomes on GRCh38,1000 Genomes 30x on GRCh38,1000 Genomes phase 3 release,1000 Genomes phase 1 release
NA18618	female	SAME125042	CHB	Han Chinese	EAS	East Asian Ancestry	CHB	1000 Genomes on GRCh38,1000 Genomes 30x on GRCh38,1000 Genomes phase 3 release,1000 Genomes phase 1 release
NA18620	male	SAME124510	CHB	Han Chinese	EAS	East Asian Ancestry	CHB	1000 Genomes on GRCh38,1000 Genomes 30x on GRCh38,1000 Genomes phase 3 release,1000 Genomes phase 1 release,90 Han Chinese high coverage genomes
NA18625	female	SAME125253	CHB	Han Chinese	EAS	East Asian Ancestry	CHB	1000 Genomes on GRCh38,1000 Genomes 30x on GRCh38,1000 Genomes phase 3 release,1000 Genomes phase 1 release
NA18632	male	SAME124703	CHB	Han Chinese	EAS	East Asian Ancestry	CHB	1000 Genomes on GRCh38,1000 Genomes 30x on GRCh38,1000 Genomes phase 3 release,1000 Genomes phase 1 release,90 Han Chinese high coverage genomes
NA18637	male	SAME124700	CHB	Han Chinese	EAS	East Asian Ancestry	CHB	1000 Genomes on GRCh38,1000 Genomes 30x on GRCh38,1000 Genomes phase 3 release,1000 Genomes phase 1 release,90 Han Chinese high coverage genomes
NA18644	female	SAME122976	CHB	Han Chinese	EAS	East Asian Ancestry	CHB	1000 Genomes on GRCh38,1000 Genomes 30x on GRCh38,1000 Genomes phase 3 release
NA18740	male	SAME123917	CHB	Han Chinese	EAS	East Asian Ancestry	CHB	1000 Genomes on GRCh38,1000 Genomes 30x on GRCh38,1000 Genomes phase 3 release,1000 Genomes phase 1 release
NA18745	male	SAME123914	CHB	Han Chinese	EAS	East Asian Ancestry	CHB	1000 Genomes on GRCh38,1000 Genomes 30x on GRCh38,1000 Genomes phase 3 release,1000 Genomes phase 1 release
HG02522	female	SAME1840326	KHV	Kinh Vietnamese	EAS	East Asian Ancestry	KHV	1000 Genomes on GRCh38,1000 Genomes 30x on GRCh38,1000 Genomes phase 3 release
NA18757	male	SAME123727	CHB	Han Chinese	EAS	East Asian Ancestry	CHB	1000 Genomes on GRCh38,1000 Genomes 30x on GRCh38,1000 Genomes phase 3 release,1000 Genomes phase 1 release
HG02351	male	SAME1840284	CDX	Dai Chinese	EAS	East Asian Ancestry	CDX	1000 Genomes on GRCh38,1000 Genomes 30x on GRCh38,1000 Genomes phase 3 release
HG02356	male	SAME1840261	CDX	Dai Chinese	EAS	East Asian Ancestry	CDX	1000 Genomes on GRCh38,1000 Genomes 30x on GRCh38,1000 Genomes phase 3 release
HG02375	male	SAME1840244	CDX	Dai Chinese	EAS	East Asian Ancestry	CDX	1000 Genomes on GRCh38,1000 Genomes 30x on GRCh38,1000 Genomes phase 3 release
HG02382	male	SAME1840025	CDX	Dai Chinese	EAS	East Asian Ancestry	CDX	1000 Genomes on GRCh38,1000 Genomes 30x on GRCh38,1000 Genomes phase 3 release
NA18942	female	SAME124308	JPT	Japanese	EAS	East Asian Ancestry	JPT	1000 Genomes on GRCh38,1000 Genomes 30x on GRCh38,1000 Genomes phase 3 release,1000 Genomes phase 1 release
NA18947	female	SAME124313	JPT	Japanese	EAS	East Asian Ancestry	JPT	1000 Genomes on GRCh38,1000 Genomes 30x on GRCh38,1000 Genomes phase 3 release,1000 Genomes phase 1 release
HG02394	male	SAME123305	CDX	Dai Chinese	EAS	East Asian Ancestry	CDX	1000 Genomes on GRCh38,1000 Genomes 30x on GRCh38,1000 Genomes phase 3 release
NA18954	female	SAME124108	JPT	Japanese	EAS	East Asian Ancestry	JPT	1000 Genomes on GRCh38,1000 Genomes 30x on GRCh38,1000 Genomes phase 3 release,1000 Genomes phase 1 release
HG02399	male	SAME1839842	CDX	Dai Chinese	EAS	East Asian Ancestry	CDX	1000 Genomes on GRCh38,1000 Genomes 30x on GRCh38,1000 Genomes phase 3 release
NA18959	male	SAME124115	JPT	Japanese	EAS	East Asian Ancestry	JPT	1000 Genomes on GRCh38,1000 Genomes 30x on GRCh38,1000 Genomes phase 3 release,1000 Genomes phase 1 release
HG02402	male	SAME1839412	CDX	Dai Chinese	EAS	East Asian Ancestry	CDX	1000 Genomes on GRCh38,1000 Genomes 30x on GRCh38,1000 Genomes phase 3 release
NA18961	male	SAME123957	JPT	Japanese	EAS	East Asian Ancestry	JPT	1000 Genomes on GRCh38,1000 Genomes 30x on GRCh38,1000 Genomes phase 3 release,1000 Genomes phase 1 release
HG02407	male	SAME1839464	CDX	Dai Chinese	EAS	East Asian Ancestry	CDX	1000 Genomes on GRCh38,1000 Genomes 30x on GRCh38,1000 Genomes phase 3 release
NA18966	male	SAME123962	JPT	Japanese	EAS	East Asian Ancestry	JPT	1000 Genomes on GRCh38,1000 Genomes 30x on GRCh38,1000 Genomes phase 3 release,1000 Genomes phase 1 release
NA18973	female	SAME123761	JPT	Japanese	EAS	East Asian Ancestry	JPT	1000 Genomes on GRCh38,1000 Genomes 30x on GRCh38,1000 Genomes phase 3 release,1000 Genomes phase 1 release
NA18978	female	SAME123760	JPT	Japanese	EAS	East Asian Ancestry	JPT	1000 Genomes on GRCh38,1000 Genomes 30x on GRCh38,1000 Genomes phase 3 release,1000 Genomes phase 1 release
NA19058	male	SAME125024	JPT	Japanese	EAS	East Asian Ancestry	JPT	1000 Genomes on GRCh38,1000 Genomes 30x on GRCh38,1000 Genomes phase 3 release,1000 Genomes phase 1 release
NA19060	male	SAME123007	JPT	Japanese	EAS	East Asian Ancestry	JPT	1000 Genomes on GRCh38,1000 Genomes 30x on GRCh38,1000 Genomes phase 3 release,1000 Genomes phase 1 release
NA19065	female	SAME123011	JPT	Japanese	EAS	East Asian Ancestry	JPT	1000 Genomes on GRCh38,1000 Genomes 30x on GRCh38,1000 Genomes phase 3 release,1000 Genomes phase 1 release
NA19072	male	SAME122822	JPT	Japanese	EAS	East Asian Ancestry	JPT	1000 Genomes on GRCh38,1000 Genomes 30x on GRCh38,1000 Genomes phase 3 release,1000 Genomes phase 1 release
NA19077	female	SAME122818	JPT	Japanese	EAS	East Asian Ancestry	JPT	1000 Genomes on GRCh38,1000 Genomes 30x on GRCh38,1000 Genomes phase 3 release,1000 Genomes phase 1 release
NA19084	female	SAME123364	JPT	Japanese	EAS	East Asian Ancestry	JPT	1000 Genomes on GRCh38,1000 Genomes 30x on GRCh38,1000 Genomes phase 3 release,1000 Genomes phase 1 release
NA19089	male	SAME123649	JPT	Japanese	EAS	East Asian Ancestry	JPT	1000 Genomes on GRCh38,1000 Genomes 30x on GRCh38,1000 Genomes phase 3 release
NA19091	male	SAME123174	JPT	Japanese	EAS	East Asian Ancestry	JPT	1000 Genomes on GRCh38,1000 Genomes 30x on GRCh38,1000 Genomes phase 3 release
NA18531	female	SAME124483	CHB	Han Chinese	EAS	East Asian Ancestry	CHB	1000 Genomes on GRCh38,1000 Genomes 30x on GRCh38,1000 Genomes phase 3 release,1000 Genomes phase 1 release
NA18536	male	SAME124486	CHB	Han Chinese	EAS	East Asian Ancestry	CHB	1000 Genomes on GRCh38,1000 Genomes 30x on GRCh38,1000 Genomes phase 3 release,1000 Genomes phase 1 release
NA18543	male	SAME124268	CHB	Han Chinese	EAS	East Asian Ancestry	CHB	1000 Genomes on GRCh38,1000 Genomes 30x on GRCh38,1000 Genomes phase 3 release,1000 Genomes phase 1 release
NA18548	male	SAME124261	CHB	Han Chinese	EAS	East Asian Ancestry	CHB	1000 Genomes on GRCh38,1000 Genomes 30x on GRCh38,1000 Genomes phase 3 release,1000 Genomes phase 1 release
NA18538	female	SAME123774	CHB	Han Chinese	EAS	East Asian Ancestry	CHB	1000 Genomes on GRCh38,1000 Genomes 30x on GRCh38,1000 Genomes phase 3 release,1000 Genomes phase 1 release
NA18550	female	SAME124087	CHB	Han Chinese	EAS	East Asian Ancestry	CHB	1000 Genomes on GRCh38,1000 Genomes 30x on GRCh38,1000 Genomes phase 3 release,1000 Genomes phase 1 release,90 Han Chinese high coverage genomes
NA18545	female	SAME124266	CHB	Han Chinese	EAS	East Asian Ancestry	CHB	1000 Genomes on GRCh38,1000 Genomes 30x on GRCh38,1000 Genomes phase 3 release,1000 Genomes phase 1 release,90 Han Chinese high coverage genomes
NA18552	female	SAME124089	CHB	Han Chinese	EAS	East Asian Ancestry	CHB	1000 Genomes on GRCh38,1000 Genomes 30x on GRCh38,1000 Genomes phase 3 release,1000 Genomes phase 1 release,90 Han Chinese high coverage genomes
NA18557	male	SAME124092	CHB	Han Chinese	EAS	East Asian Ancestry	CHB	1000 Genomes on GRCh38,1000 Genomes 30x on GRCh38,1000 Genomes phase 3 release,1000 Genomes phase 1 release
NA18564	female	SAME123921	CHB	Han Chinese	EAS	East Asian Ancestry	CHB	1000 Genomes on GRCh38,1000 Genomes 30x on GRCh38,1000 Genomes phase 3 release,1000 Genomes phase 1 release,90 Han Chinese high coverage genomes
NA18571	female	SAME123740	CHB	Han Chinese	EAS	East Asian Ancestry	CHB	1000 Genomes on GRCh38,1000 Genomes 30x on GRCh38,1000 Genomes phase 3 release,1000 Genomes phase 1 release,90 Han Chinese high coverage genomes
NA18576	female	SAME123735	CHB	Han Chinese	EAS	East Asian Ancestry	CHB	1000 Genomes on GRCh38,1000 Genomes phase 3 release,1000 Genomes phase 1 release,90 Han Chinese high coverage genomes
NA18595	female	SAME123228	CHB	Han Chinese	EAS	East Asian Ancestry	CHB	1000 Genomes on GRCh38,1000 Genomes 30x on GRCh38,1000 Genomes phase 3 release,1000 Genomes phase 1 release
NA18603	male	SAME124875	CHB	Han Chinese	EAS	East Asian Ancestry	CHB	1000 Genomes on GRCh38,1000 Genomes 30x on GRCh38,1000 Genomes phase 3 release,1000 Genomes phase 1 release,90 Han Chinese high coverage genomes
NA18608	male	SAME124779	CHB	Han Chinese	EAS	East Asian Ancestry	CHB	1000 Genomes on GRCh38,1000 Genomes 30x on GRCh38,1000 Genomes phase 3 release,1000 Genomes phase 1 release,90 Han Chinese high coverage genomes
NA18610	female	SAME123222	CHB	Han Chinese	EAS	East Asian Ancestry	CHB	1000 Genomes on GRCh38,1000 Genomes 30x on GRCh38,1000 Genomes phase 3 release,1000 Genomes phase 1 release
NA18615	female	SAME123653	CHB	Han Chinese	EAS	East Asian Ancestry	CHB	1000 Genomes on GRCh38,1000 Genomes 30x on GRCh38,1000 Genomes phase 3 release,1000 Genomes phase 1 release
NA18622	male	SAME125260	CHB	Han Chinese	EAS	East Asian Ancestry	CHB	1000 Genomes on GRCh38,1000 Genomes 30x on GRCh38,1000 Genomes phase 3 release,1000 Genomes phase 1 release,90 Han Chinese high coverage genomes
NA18627	female	SAME124106	CHB	Han Chinese	EAS	East Asian Ancestry	CHB	1000 Genomes on GRCh38,1000 Genomes 30x on GRCh38,1000 Genomes phase 3 release,1000 Genomes phase 1 release
NA18634	female	SAME124697	CHB	Han Chinese	EAS	East Asian Ancestry	CHB	1000 Genomes on GRCh38,1000 Genomes 30x on GRCh38,1000 Genomes phase 3 release,1000 Genomes phase 1 release
NA18639	male	SAME124694	CHB	Han Chinese	EAS	East Asian Ancestry	CHB	1000 Genomes on GRCh38,1000 Genomes 30x on GRCh38,1000 Genomes phase 3 release,1000 Genomes phase 1 release
NA18641	female	SAME122979	CHB	Han Chinese	EAS	East Asian Ancestry	CHB	1000 Genomes on GRCh38,1000 Genomes 30x on GRCh38,1000 Genomes phase 3 release,1000 Genomes phase 1 release
NA18646	female	SAME122978	CHB	Han Chinese	EAS	East Asian Ancestry	CHB	1000 Genomes on GRCh38,1000 Genomes 30x on GRCh38,1000 Genomes phase 3 release
NA18747	male	SAME123916	CHB	Han Chinese	EAS	East Asian Ancestry	CHB	1000 Genomes on GRCh38,1000 Genomes 30x on GRCh38,1000 Genomes phase 3 release,1000 Genomes phase 1 release
NA19055	male	SAME125027	JPT	Japanese	EAS	East Asian Ancestry	JPT	1000 Genomes on GRCh38,1000 Genomes 30x on GRCh38,1000 Genomes phase 3 release,1000 Genomes phase 1 release
NA19062	male	SAME123005	JPT	Japanese	EAS	East Asian Ancestry	JPT	1000 Genomes on GRCh38,1000 Genomes 30x on GRCh38,1000 Genomes phase 3 release,1000 Genomes phase 1 release
NA19067	male	SAME123835	JPT	Japanese	EAS	East Asian Ancestry	JPT	1000 Genomes on GRCh38,1000 Genomes 30x on GRCh38,1000 Genomes phase 3 release,1000 Genomes phase 1 release
NA19074	female	SAME122817	JPT	Japanese	EAS	East Asian Ancestry	JPT	1000 Genomes on GRCh38,1000 Genomes 30x on GRCh38,1000 Genomes phase 3 release,1000 Genomes phase 1 release
NA19079	male	SAME122823	JPT	Japanese	EAS	East Asian Ancestry	JPT	1000 Genomes on GRCh38,1000 Genomes 30x on GRCh38,1000 Genomes phase 3 release,1000 Genomes phase 1 release
NA18980	female	SAME123527	JPT	Japanese	EAS	East Asian Ancestry	JPT	1000 Genomes on GRCh38,1000 Genomes 30x on GRCh38,1000 Genomes phase 3 release,1000 Genomes phase 1 release
NA19081	female	SAME123369	JPT	Japanese	EAS	East Asian Ancestry	JPT	1000 Genomes on GRCh38,1000 Genomes 30x on GRCh38,1000 Genomes phase 3 release,1000 Genomes phase 1 release
NA18985	male	SAME123413	JPT	Japanese	EAS	East Asian Ancestry	JPT	1000 Genomes on GRCh38,1000 Genomes 30x on GRCh38,1000 Genomes phase 3 release,1000 Genomes phase 1 release
NA19086	male	SAME123366	JPT	Japanese	EAS	East Asian Ancestry	JPT	1000 Genomes on GRCh38,1000 Genomes 30x on GRCh38,1000 Genomes phase 3 release,1000 Genomes phase 1 release
NA18992	female	SAME124983	JPT	Japanese	EAS	East Asian Ancestry	JPT	1000 Genomes on GRCh38,1000 Genomes 30x on GRCh38,1000 Genomes phase 3 release,1000 Genomes phase 1 release
NA18997	female	SAME124898	JPT	Japanese	EAS	East Asian Ancestry	JPT	1000 Genomes on GRCh38,1000 Genomes 30x on GRCh38,1000 Genomes phase 3 release,1000 Genomes phase 1 release
NA19003	female	SAME124480	JPT	Japanese	EAS	East Asian Ancestry	JPT	1000 Genomes on GRCh38,1000 Genomes 30x on GRCh38,1000 Genomes phase 3 release,1000 Genomes phase 1 release
NA19010	female	SAME123989	JPT	Japanese	EAS	East Asian Ancestry	JPT	1000 Genomes on GRCh38,1000 Genomes 30x on GRCh38,1000 Genomes phase 3 release,1000 Genomes phase 1 release
NA18526	female	SAME124673	CHB	Han Chinese	EAS	East Asian Ancestry	CHB	1000 Genomes on GRCh38,1000 Genomes 30x on GRCh38,1000 Genomes phase 3 release,1000 Genomes phase 1 release,90 Han Chinese high coverage genomes
NA18533	female	SAME124481	CHB	Han Chinese	EAS	East Asian Ancestry	CHB	1000 Genomes on GRCh38,1000 Genomes 30x on GRCh38,1000 Genomes phase 3 release
NA18968	female	SAME123953	JPT	Japanese	EAS	East Asian Ancestry	JPT	1000 Genomes on GRCh38,1000 Genomes 30x on GRCh38,1000 Genomes phase 3 release,1000 Genomes phase 1 release
NA18970	male	SAME123764	JPT	Japanese	EAS	East Asian Ancestry	JPT	1000 Genomes on GRCh38,1000 Genomes 30x on GRCh38,1000 Genomes phase 3 release,1000 Genomes phase 1 release
NA18975	female	SAME123767	JPT	Japanese	EAS	East Asian Ancestry	JPT	1000 Genomes on GRCh38,1000 Genomes 30x on GRCh38,1000 Genomes phase 3 release,1000 Genomes phase 1 release
NA18982	male	SAME125073	JPT	Japanese	EAS	East Asian Ancestry	JPT	1000 Genomes on GRCh38,1000 Genomes 30x on GRCh38,1000 Genomes phase 3 release,1000 Genomes phase 1 release
NA18987	female	SAME125070	JPT	Japanese	EAS	East Asian Ancestry	JPT	1000 Genomes on GRCh38,1000 Genomes 30x on GRCh38,1000 Genomes phase 3 release,1000 Genomes phase 1 release
NA18994	male	SAME124897	JPT	Japanese	EAS	East Asian Ancestry	JPT	1000 Genomes on GRCh38,1000 Genomes 30x on GRCh38,1000 Genomes phase 3 release,1000 Genomes phase 1 release
NA18999	female	SAME124890	JPT	Japanese	EAS	East Asian Ancestry	JPT	1000 Genomes on GRCh38,1000 Genomes 30x on GRCh38,1000 Genomes phase 3 release,1000 Genomes phase 1 release
NA19000	male	SAME124477	JPT	Japanese	EAS	East Asian Ancestry	JPT	1000 Genomes on GRCh38,1000 Genomes 30x on GRCh38,1000 Genomes phase 3 release,1000 Genomes phase 1 release
NA19005	male	SAME124474	JPT	Japanese	EAS	East Asian Ancestry	JPT	1000 Genomes on GRCh38,1000 Genomes 30x on GRCh38,1000 Genomes phase 3 release,1000 Genomes phase 1 release
NA19012	male	SAME124260	JPT	Japanese	EAS	East Asian Ancestry	JPT	1000 Genomes on GRCh38,1000 Genomes 30x on GRCh38,1000 Genomes phase 3 release,1000 Genomes phase 1 release
NA18944	male	SAME124314	JPT	Japanese	EAS	East Asian Ancestry	JPT	1000 Genomes on GRCh38,1000 Genomes 30x on GRCh38,1000 Genomes phase 3 release,1000 Genomes phase 1 release
NA18949	female	SAME124317	JPT	Japanese	EAS	East Asian Ancestry	JPT	1000 Genomes on GRCh38,1000 Genomes 30x on GRCh38,1000 Genomes phase 3 release,1000 Genomes phase 1 release
NA18951	female	SAME124111	JPT	Japanese	EAS	East Asian Ancestry	JPT	1000 Genomes on GRCh38,1000 Genomes 30x on GRCh38,1000 Genomes phase 3 release,1000 Genomes phase 1 release
NA18956	female	SAME124110	JPT	Japanese	EAS	East Asian Ancestry	JPT	1000 Genomes on GRCh38,1000 Genomes 30x on GRCh38,1000 Genomes phase 3 release,1000 Genomes phase 1 release
NA18963	female	SAME123959	JPT	Japanese	EAS	East Asian Ancestry	JPT	1000 Genomes on GRCh38,1000 Genomes 30x on GRCh38,1000 Genomes phase 3 release,1000 Genomes phase 1 release
NA18525	female	SAME124672	CHB	Han Chinese	EAS	East Asian Ancestry	CHB	1000 Genomes on GRCh38,1000 Genomes 30x on GRCh38,1000 Genomes phase 3 release,1000 Genomes phase 1 release
NA18532	female	SAME124482	CHB	Han Chinese	EAS	East Asian Ancestry	CHB	1000 Genomes on GRCh38,1000 Genomes 30x on GRCh38,1000 Genomes phase 3 release,1000 Genomes phase 1 release,90 Han Chinese high coverage genomes
NA18537	female	SAME124485	CHB	Han Chinese	EAS	East Asian Ancestry	CHB	1000 Genomes on GRCh38,1000 Genomes 30x on GRCh38,1000 Genomes phase 3 release,1000 Genomes phase 1 release,90 Han Chinese high coverage genomes
NA18544	male	SAME124265	CHB	Han Chinese	EAS	East Asian Ancestry	CHB	1000 Genomes on GRCh38,1000 Genomes 30x on GRCh38,1000 Genomes phase 3 release,1000 Genomes phase 1 release
NA18549	male	SAME124262	CHB	Han Chinese	EAS	East Asian Ancestry	CHB	1000 Genomes on GRCh38,1000 Genomes 30x on GRCh38,1000 Genomes phase 3 release,1000 Genomes phase 1 release
NA18563	male	SAME123928	CHB	Han Chinese	EAS	East Asian Ancestry	CHB	1000 Genomes on GRCh38,1000 Genomes 30x on GRCh38,1000 Genomes phase 3 release,1000 Genomes phase 1 release,90 Han Chinese high coverage genomes
NA18570	female	SAME123741	CHB	Han Chinese	EAS	East Asian Ancestry	CHB	1000 Genomes on GRCh38,1000 Genomes 30x on GRCh38,1000 Genomes phase 3 release,1000 Genomes phase 1 release,90 Han Chinese high coverage genomes
NA18582	female	SAME123905	CHB	Han Chinese	EAS	East Asian Ancestry	CHB	1000 Genomes on GRCh38,1000 Genomes 30x on GRCh38,1000 Genomes phase 3 release,1000 Genomes phase 1 release,90 Han Chinese high coverage genomes
NA18599	female	SAME123713	CHB	Han Chinese	EAS	East Asian Ancestry	CHB	1000 Genomes on GRCh38,1000 Genomes 30x on GRCh38,1000 Genomes phase 3 release,1000 Genomes phase 1 release
NA18602	female	SAME124876	CHB	Han Chinese	EAS	East Asian Ancestry	CHB	1000 Genomes on GRCh38,1000 Genomes 30x on GRCh38,1000 Genomes phase 3 release,1000 Genomes phase 1 release
NA18614	female	SAME125034	CHB	Han Chinese	EAS	East Asian Ancestry	CHB	1000 Genomes on GRCh38,1000 Genomes 30x on GRCh38,1000 Genomes phase 3 release,1000 Genomes phase 1 release
NA18619	female	SAME125043	CHB	Han Chinese	EAS	East Asian Ancestry	CHB	1000 Genomes on GRCh38,1000 Genomes 30x on GRCh38,1000 Genomes phase 3 release,1000 Genomes phase 1 release
NA18621	male	SAME124509	CHB	Han Chinese	EAS	East Asian Ancestry	CHB	1000 Genomes on GRCh38,1000 Genomes 30x on GRCh38,1000 Genomes phase 3 release,1000 Genomes phase 1 release,90 Han Chinese high coverage genomes
NA18626	female	SAME125250	CHB	Han Chinese	EAS	East Asian Ancestry	CHB	1000 Genomes on GRCh38,1000 Genomes 30x on GRCh38,1000 Genomes phase 3 release,1000 Genomes phase 1 release
NA18633	male	SAME124704	CHB	Han Chinese	EAS	East Asian Ancestry	CHB	1000 Genomes on GRCh38,1000 Genomes 30x on GRCh38,1000 Genomes phase 3 release,1000 Genomes phase 1 release,90 Han Chinese high coverage genomes
NA18638	male	SAME124693	CHB	Han Chinese	EAS	East Asian Ancestry	CHB	1000 Genomes on GRCh38,1000 Genomes 30x on GRCh38,1000 Genomes phase 3 release,1000 Genomes phase 1 release
NA18640	female	SAME122980	CHB	Han Chinese	EAS	East Asian Ancestry	CHB	1000 Genomes on GRCh38,1000 Genomes 30x on GRCh38,1000 Genomes phase 3 release,1000 Genomes phase 1 release
NA18645	male	SAME122975	CHB	Han Chinese	EAS	East Asian Ancestry	CHB	1000 Genomes on GRCh38,1000 Genomes 30x on GRCh38,1000 Genomes phase 3 release,1000 Genomes phase 1 release
NA18791	male	SAME124073	CHB	Han Chinese	EAS	East Asian Ancestry	CHB	1000 Genomes on GRCh38,1000 Genomes phase 3 release
NA18979	female	SAME123759	JPT	Japanese	EAS	East Asian Ancestry	JPT	1000 Genomes on GRCh38,1000 Genomes 30x on GRCh38,1000 Genomes phase 3 release,1000 Genomes phase 1 release
NA18981	female	SAME123426	JPT	Japanese	EAS	East Asian Ancestry	JPT	1000 Genomes on GRCh38,1000 Genomes 30x on GRCh38,1000 Genomes phase 3 release,1000 Genomes phase 1 release
NA18986	male	SAME125069	JPT	Japanese	EAS	East Asian Ancestry	JPT	1000 Genomes on GRCh38,1000 Genomes 30x on GRCh38,1000 Genomes phase 3 release,1000 Genomes phase 1 release
NA18993	female	SAME124894	JPT	Japanese	EAS	East Asian Ancestry	JPT	1000 Genomes on GRCh38,1000 Genomes 30x on GRCh38,1000 Genomes phase 3 release,1000 Genomes phase 1 release
NA18998	female	SAME124891	JPT	Japanese	EAS	East Asian Ancestry	JPT	1000 Genomes on GRCh38,1000 Genomes 30x on GRCh38,1000 Genomes phase 3 release,1000 Genomes phase 1 release
NA19004	male	SAME124473	JPT	Japanese	EAS	East Asian Ancestry	JPT	1000 Genomes on GRCh38,1000 Genomes 30x on GRCh38,1000 Genomes phase 3 release,1000 Genomes phase 1 release
NA19009	male	SAME125133	JPT	Japanese	EAS	East Asian Ancestry	JPT	1000 Genomes on GRCh38,1000 Genomes 30x on GRCh38,1000 Genomes phase 3 release,1000 Genomes phase 1 release
NA19011	female	SAME124512	JPT	Japanese	EAS	East Asian Ancestry	JPT	1000 Genomes on GRCh38,1000 Genomes 30x on GRCh38,1000 Genomes phase 3 release
NA19054	female	SAME125028	JPT	Japanese	EAS	East Asian Ancestry	JPT	1000 Genomes on GRCh38,1000 Genomes 30x on GRCh38,1000 Genomes phase 3 release,1000 Genomes phase 1 release
NA19059	female	SAME125023	JPT	Japanese	EAS	East Asian Ancestry	JPT	1000 Genomes on GRCh38,1000 Genomes 30x on GRCh38,1000 Genomes phase 3 release,1000 Genomes phase 1 release
NA19066	male	SAME123008	JPT	Japanese	EAS	East Asian Ancestry	JPT	1000 Genomes on GRCh38,1000 Genomes 30x on GRCh38,1000 Genomes phase 3 release,1000 Genomes phase 1 release
NA19078	female	SAME122824	JPT	Japanese	EAS	East Asian Ancestry	JPT	1000 Genomes on GRCh38,1000 Genomes 30x on GRCh38,1000 Genomes phase 3 release,1000 Genomes phase 1 release
NA19080	female	SAME125313	JPT	Japanese	EAS	East Asian Ancestry	JPT	1000 Genomes on GRCh38,1000 Genomes 30x on GRCh38,1000 Genomes phase 3 release,1000 Genomes phase 1 release
NA19085	male	SAME123365	JPT	Japanese	EAS	East Asian Ancestry	JPT	1000 Genomes on GRCh38,1000 Genomes 30x on GRCh38,1000 Genomes phase 3 release,1000 Genomes phase 1 release
NA18943	male	SAME124309	JPT	Japanese	EAS	East Asian Ancestry	JPT	1000 Genomes on GRCh38,1000 Genomes 30x on GRCh38,1000 Genomes phase 3 release,1000 Genomes phase 1 release
NA18948	male	SAME124316	JPT	Japanese	EAS	East Asian Ancestry	JPT	1000 Genomes on GRCh38,1000 Genomes 30x on GRCh38,1000 Genomes phase 3 release,1000 Genomes phase 1 release
NA18950	female	SAME124112	JPT	Japanese	EAS	East Asian Ancestry	JPT	1000 Genomes on GRCh38,1000 Genomes 30x on GRCh38,1000 Genomes phase 3 release,1000 Genomes phase 1 release
NA18955	male	SAME124107	JPT	Japanese	EAS	East Asian Ancestry	JPT	1000 Genomes on GRCh38,1000 Genomes phase 3 release,1000 Genomes phase 1 release
NA18962	male	SAME123958	JPT	Japanese	EAS	East Asian Ancestry	JPT	1000 Genomes on GRCh38,1000 Genomes 30x on GRCh38,1000 Genomes phase 3 release,1000 Genomes phase 1 release
NA18967	male	SAME123963	JPT	Japanese	EAS	East Asian Ancestry	JPT	1000 Genomes on GRCh38,1000 Genomes 30x on GRCh38,1000 Genomes phase 3 release,1000 Genomes phase 1 release
NA18974	male	SAME123768	JPT	Japanese	EAS	East Asian Ancestry	JPT	1000 Genomes on GRCh38,1000 Genomes 30x on GRCh38,1000 Genomes phase 3 release,1000 Genomes phase 1 release
